GRB,T90,comments,RA,Dec,z,X,O,R,refs
180325A,94.01.00,Very luminous. reddened afterglow with 2175-A dust bump. Optical observations during main burst peak.,10:29:42.7,+24:27:49.3,02.04, , , ,
180324A,07.02,Possible very weak afterglow,05:06:06.37,+56:42:51.5,, , , ,
180316A,87,Bright early afterglow.,17:41:42.94,+00:44:54.0,, , , ,
180314B,73,Some follow-up. no deep limits.,19:51:32.80,+23:37:26.6,, , , ,
180314A,51.02.00,"Bright UV/optical afterglow, well-observed.",06:37:03.7,-24:29:45.8,1.445, , , ,
180311A,23,No ground follow-up.,00:13:33.05,-54:29:29.2,, , , ,
180305A,12.05,LAT burst with X-ray/optical afterglow.,03:18:28.33,+32:06:36.2,, , , ,
180224A,10.09,Bright early OT but little further follow-up.,13:30:44.057,+38:04:44.55,,y,y, ,
180210A,40,Fermi/LAT burst with afterglow.,00:07:22.02,+18:33:09.9,,y, , ,
180205A,15.05,"Bright burst, very bright afterglow. Extensive observations.",08:27:16.74,+11:32:30.9,1.409,y,y, ,
180204A,00.16,Short/hard burst. XRT afterglow.,22:00:31.99,+30:50:16.2,,y, , ,
180115A,40.09.00,Optical afterglow and redshift.,00:48:09.27,-15:37:49.9,2.487,y,y, ,
180113A,64,Low latitude. No optical afterglow early.,01:16:50.7,+68:40:55.9,, , , ,
180111A,50.06.00,Hard. Near a bright star. Possible bright host.,09:59:07.12,+48:16:02.7,,y,y, ,
180103A,237,Very long. bright. Swift slewed during burst. no early pointed data.,00:38:24.37,-53:33:21.6,,y, , ,
180102A,10.08,Moderately deep z-band limit.,13:32:16.07,+62:10:19.6,,y, , ,
171227A,28,No follow-up,19.24.00,-47:00:43,, , , ,
171222A,174.08.00,Long/multi-peaked. soft. Optical afterglow.,09:53:06.73,+35:37:35.5,2.409,y,y, ,
171216A,30,No ground follow-up. Crowded field.,14:07:57.77,-50:29:05.1,,y, , ,
171212A,320,Very long.,19:35:40.28,+20:35:31.3,,y, , ,
171211A,02.32,Intermediate duration/hardness. No deep follow-up.,06:32:32.26,-58:41:28.9,,y, , ,
171210A,143,LAT burst. XRT search but no afterglow detection.,22:21:09.60,+24:26:24.00,, , , ,
171209A,161.07.00,Optical afterglow. Nearby bright star.,09:17:36.65,-30:31:12.6,,y,y, ,
171205A,189.04.00,Very nearby. very bright mm/radio afterglow and supernova. Massive host.,11:09:39.52,-12:35:18.34,0.255555556,y,y,y,
171124A,26,Fermi/LAT burst.,22:21:54.24,+35:19:55.7,,y, , ,
171123A,58.05.00,Afterglow candidate is marginal.,12:24:59.29,+32:30:03.4,,y,y, ,
171120A,64,Swift burst. LAT detection. X-ray but no optical afterglow.,10:55:09.70,+22:27:31.3,,y, , ,
171115A,38.02.00,No early follow-up.,18:33:33.14,+09:07:29.6,,y, , ,
171112A,145,MAXI/Fermi GRB,01.21.52,-59:40:40,, , , ,
171103A,03.09,Short hard burst. No afterglow follow-up.,16:38:02.4,-10:12:22.9,,y, , ,
171102B,17.08,No deep follow-up or ground detections.,19:12:18.68,+22:26:39.4,,y, , ,
171102A,35,Bright LAT burst. no afterglow.,12:33:38.39,+53:37:48.00,, , , ,
171027A,96.06.00,NIR detections only (optical limits: dark).,04:06:45.77,-02:37:18.9,,y, , ,
171022A,13,"Fermi/IPN burst, LAT detection retracted.",14.21.25,+12:50:37,, , , ,
171020A,41.09.00,Early optical observations and polarimetry.,02:36:59.62,+15:12:16.0,0.102083333,y,y, ,
171011A,02.27,No Swift slew.,15:47:03.7,-10:03:50.2,, , , ,
171010B,25,Delayed Swift follow-up due to slew. No ground follow-up.,02:16:32.16,-54:23:28.0,,y, , ,
171010A,104,Very bright Fermi/LAT burst with bright afterglow. Low redshift.,04:26:19.48,-10:27:46.2,00.33,y,y,y,
171007A,105,Weak burst. possibly short.,09:02:24.11,+42:49:09.2,,y, , ,
171004A,107.01.00,,09:16:40.67,+52:41:35.1,,y,?, ,
171001A,22.08,Early afterglow detections but no later follow-up.,01:28:18.67,-11:53:39.0,,y,y, ,
170921A,28.09.00,Candidate OT reported but not confirmed.,01:47:23.77,+30:54:24.2,,y, ,n,
170912B,19.06,No ground follow-up,14:21:50.01,-61:59:48.6,,y, , ,
170912A,21.09,No ground follow-up,11:09:29.62,-54:19:34.8,,y, , ,
170906C,48.04.00,Optical nondetections.,08:34:36.86,+70:48:41.8,,y, ,n,
170906B,12,No ground follow-up,15:28:49.03,-28:15:21.6,,y, , ,
170906A,88.01.00,LAT detection. Very bright well-observed afterglow.,13:35:49.23,-47:06:03.1,,y,y, ,
170903A,29.02.00,Bright galaxy in error circle. No OT.,16:58:06.25,+34:58:44.7,0.615277778,y, ,n,
170830A,110,MAXI/Fermi GRB,17.48.58,-02:00:00,, , , ,
170827A,94,Optical afterglow umconfirmed.,18:24:36.19,-40:12:05.8,,y, , ,
170823A,69.04.00,No afterglow detection,12:34:51.1,+35:32:58.0,, , ,n,
170822A,64,Early OT detection,06:17:32.89,+55:00:16.13,,y,y,n,
170817A,2,Coincident gravitational-wave detection,13:09:48.089,-23:22:53.35,,y,y,y,
170813A,75.05.00,No optical detection at 3 hours. Faint X-rays.,13:24:13.82,-05:29:26.7,,y, , ,
170810A,152.04.00,Swift/Fermi burst with bright afterglow.,12:31:45.346,+03:38:38.61,,y,y,y,
170807A,48.05.00,No follow-up.,09:33:44.2,-17:20:51.9,, , , ,
170804A,43.04.00,UVOT detection but minimal ground follow-up,00:25:34.29,-64:47:03.1,,y,y, ,
170803A,0.181944444,UVOT detection but no ground follow-up.,11:39:44.11,-16:18:38.0,,y,y, ,
170730A,500,INTEGRAL burst,16:21:11.90,-60:53:11.76,, , , ,
170728B,47.07.00,Short with extended emission. Optical. radio. LAT detections.,15:51:55.45,+70:07:21.2,,y,y,n,
170728A,01.25,Weak UVOT afterglow. only shallow ground limits.,03:55:33.17,+12:10:54.7,,y,y,n,
170724A,98,Near Sun. No follow-up.,10:00:13.7,-01:01:31.0,, , , ,
170714A,1000,Ultra-long burst with (possibly red) afterglow and host,02:17:23.99,+01:59:29.51,0.550694444,y,y,y,
170711A,31.03.00,No optical detections,03:03:12.13,+47:50:56.8,,y, , ,
170710B,54.04.00,"Slew detection, no afterglow and no ground follow-up",02:52:29.3,+42:40:43.6,, , , ,
170710C,,Faint INTEGRAL burst,23:29:00.62,+51:17:36.60,, , , ,
170710A,32.06.00,Optical counterpart? Not confirmed. minimal ground follow-up.,15:27:16.87,-38:29:06.0,,y,y, ,
170705A,217.03.00,Extensive optical follow-up,12:46:48.97,+18:18:26.4,2.010,y,y, ,
170629A,34.04.00,No follow-up,08:39:56.47,-46:34:16.9,,y, , ,
170626A,0.565277778,Swift/Fermi. Many OT detections but no redshift.,11:01:34.09,+56:28:35.4,,y,y, ,
170626B,5,Detected by many satellites but no afterglow localization,16:06:45.59,-54:07:48.00,, , , ,
170607A,23,Very long extended emission. Low-z? Bright host?,00:29:27.8,+09:14:35.8,low,y,y, ,
170604A,26.07.00,Moderately bright OT.,22:50:37.54,-15:24:44.4,1.329,y,y, ,
170531B,164.01.00,Early afterglow detections.,19:07:32.09,-16:25:08.0,2.366,y,y, ,
170531A,26.74,,08:05:00.57,-14:01:21.8,,y, , ,
170526A,07.09,No ground follow-up,00:18:49.71,+01:16:37.2,,y, ,n,
170524A,00.01,Short burst in Galactic plane.,21:17:56.69,+48:36:24.8,,y, , ,
170524B,46.04.00,Follow-up delayed but bright afterglow.,06:03:28.49,-17:04:58.7,,y,y, ,
170519A,216.04.00,Bright afterglow with early follow-up.,10:53:42.46,+25:22:27.4,0.568055556,y,y,n,
170516A,36.78,"Soft/XRF, no follow-up.",02:46:16.42,-55:54:34.4,,y, , ,
170510A,128,LAT burst with afterglow,10:40:36.89,-39:12:45.2,,y,y, ,
170428A,00.02,Short burst. Optical afterglow and luminous host.,22:00:18.78,+26:54:57.0,0.315277778,y,y, ,
170419B,77.02.00,,04:01:58.5,-15:07:14.3,, , , ,
170419A,08.18,No early optical,05:19:25.12,-21:25:25.9,,y, , ,
170405A,164.07.00,Bright afterglow.,14:39:18.66,-25:14:36.2,3.510,y,y, ,
170331A,17.57,Soft,21:35:10.06,-24:23:11.0,,y, , ,
170318B,160,Long duration,18:57:13.47,+06:17:57.0,,y, , ,
170318A,133.07.00,,20:22:40.12,+28:24:21.6,,y, , ,
170311A,06.32,Early deep red upper limits. Dark?,18:42:21.46,-30:02:45.5,,y, , ,
170306B,18.07,"LAT burst, no afterglow found.",03:38:28.79,+51:35:24.00,, , , ,
170306A,17.08,Faint optical afterglow,17:32:16.69,-44:44:55.5,,y,y, ,
170214A,123,"GBM+LAT burst, very bright. Low Galactic latitude.",17:05:21.90,-01:53:15.7,2.53?,y,y, ,
170208B,128.01.00,Early optical nondetections. faint IR counterpart. Heavily reddened dark burst?,08:28:34.55,-09:01:47.9,,y,y, ,
170208A,07.45,,11:06:15.52,-46:46:05.6,,y, , ,
170206B,13.36,Minimal ground followup.,18:07:04.95,+11:11:37.8,,y, , ,
170205A,26.01.00,Faint optical afterglow.,17:28:40.69,-00:03:47.3,,y,y, ,
170203A,45.02.00,No follow-up.,22:11:26.6,+25:11:08.4,, , , ,
170202A,46.02.00,Bright afterglow with extensive early follow-up.,10:10:03.48,+05:00:41.0,3.645,y,y, ,
170127B,00.51,Short burst. No optical detection in deep early observations.,01:19:54.50,-30:21:29.1,,y, , ,
170127A,62.26.00,Faint.,11:37:26.33,-45:50:08.3,,y, , ,
170126A,09.05,No ground follow-up,17:34:31.97,-64:45:37.3,,y,y, ,
170115A,48,Minimal follow-up,22:08:33.23,+13:43:42.1,,y, ,n,
170113A,0.879166667,Luminous host.,04:06:55.86,-71:56:34.9,1.968,y,y, ,
170112A,00.06,Short burst. No XRT detection in prompt observations.,01:00:55.7,-17:13:57.9,,n,?, ,
170111A,29.09.00,No optical detections in early observations.,01:22:47.37,-32:33:54.3,,y, , ,
170101A,02.43,Intermediate? No follow-up.,17:48:21.3,+11:38:29.9,, , , ,
161224A,47.04.00,Weak. near moon. no slew.,13:39:15.79,-18:01:44.7,,y, , ,
161220A,6,No early follow-up or afterglow.,23:23:23.01,-47:30:04.8,,y, , ,
161219B,0.315277778,Nearby GRB with extensive observations and potential SN counterpart.,06:06:51.428,-26:47:29.52,1.024305556,y,y,y,
161219A,100,INTEGRAL GRB. no follow-up.,12:33:44.88,+10:28:19.19,, , , ,
161218A,07.01,Swift burst. no slew. no follow-up.,16:21:00.1,-04:06:46.3,, , , ,
161217A,18.02,Faint. minimal follow-up.,10:02:36.27,+52:21:32.5,,y, , ,
161214B,24.08.00,GRB next to bright star,00:15:24.28,+07:21:08.4,,y,y, ,
161214A,7,INTEGRAL burst with optical afterglow,12:43:00.36,+06:51:50.1,, ,y, ,
161202A,181,LAT detection.,23:47:36.65,+19:38:47.4,,y, , ,
161129A,,Bright GRB with many satellite detections.,21:04:54.53,+32:08:05.9,0.447916667,y,y, ,
161123A,,"MAXI GRB, afterglow search unsuccessful",02.09,#VALUE!,, , , ,
161117B,152.05.00,,19:55:18.01,-67:42:09.3,,y, , ,
161117A,125.07.00,Bright early afterglow.,21:28:12.55,-29:36:49.1,1.549,y,y, ,
161113A,42.06.00,No OT detection. no early observations.,11:59:10.50,-05:18:33.1,,y, , ,
161109A,24,"LAT burst, no confirmed afterglow.",10:31:26.40,+61:47:59.99,, , , ,
161108A,105.01.00,Luminous host.,12:03:09.11,+24:52:04.9,1.159,y,y,n,
161105A,177.03.00,,08:00:44.10,-44:46:31.0,,y, , ,
161104A,00.01,Possible OT? Not confirmed,05:11:34.45,-51:27:36.4,,y, , ,
161023A,45,Very bright optical counterpart.,20:44:05.21,-47:39:48.5,2.708,y,y, ,
161022A,07.03,Faint burst. Dark? No optical detections.,08:36:00.35,+54:20:53.8,,y, ,n,
161020A,,INTEGRAL burst. no followup.,10:44:07.41,-54:46:07.32,, , , ,
161017A,216.03.00,Bright optical afterglow with early observations. millimeter follow-up.,09:31:04.60,+43:07:36.3,2.013,y,y,n,
161015A,,Fermi/LAT burst. Unconfirmed XRT counterpart. No ground follow-up.,17:57:00.43,+30:22:24.8,,y, ,n,
161014A,18.03,Swift GRB with afterglow.,22:10:35.47,+07:28:07.3,2.823,y,y,n,
161011A,04.03,Unusual X-ray afterglow. Minimal ground follow-up.,16:22:54.88,+08:18:39.6,,y,y,n,
161007A,201.07.00,Dark? Probable host in XRT error circle.,06:53:38.19,+23:18:24.3,,y, , ,
161004B,15.09,Detected by several satellites but no ground follow-up.,07:28:36.30,-39:53:52.5,,y, , ,
161004A,01.08,Short/intermediate. faint.,17:32:36.54,-00:57:02.7,,y,y, ,
161001A,02.06,Possible GROND afterglow. Emission-line galaxy in X-shooter slit but association unclear.,04:47:40.80,-57:15:39.0,,y, , ,
160927A,00.48,Short burst with optical afterglow.,17:04:58.22,+17:19:54.9,,y,y,n,
160917A,16,Faint optical counterpart.,19:42:39.81,+46:24:12.1,,y,y, ,
160912A,48,Faint UV/optical afterglow/,20:05:59.64,+57:33:55.2,,y,y,n,
160910A,24.03.00,Fermi GRB with optical afterglow. radio detections.,14:45:46.04,+39:04:00.2,,y,y,y,
160905A,64,Bright GRB with optical counterpart. no ground follow-up.,10:48:59.18,-50:48:04.3,,y,y, ,
160829A,00.05,LAT short GRB.,13:26:47.99,-56:46:12.00,, , , ,
160827A,13.03,Swift burst near Sun. no follow-up.,11:57:05.8,-29:10:40.9,, , , ,
160826A,52.06.00,No ground follow-up.,12:12:27.05,-67:39:50.0,,y, , ,
160824A,99.03.00,Marginal. unconfirmed UVOT afterglow.,05:20:21.02,+40:01:41.7,,y,y?,n,
160821B,00.48,Short (soft) burst coincident with low-redshift galaxy.,18:39:54.56,+62:23:30.5,00.16,y,y,y,1
160821A,120,Extremely bright Fermi burst with LAT detection (partially caught by Swift). Near Sun. but bright OT.,11:25:01.6,+42:20:05,, ,y,n,
160819A,23.08,Fermi burst with BAT slew detection.,07:36:33.3,-22:20:50.2,, , , ,
160816A,14,LAT burst with (faint) optical afterglow.,21:29:38.58,+37:07:58.7,,y, ,y?,
160815A,08.06,Faint UVOT afterglow. no other detections.,19:14:09.63,+84:18:50.4,,y,y, ,
160814A,71,MAXI/Konus/CALET detections.,09.04.17,-20:57:36,, , , ,
160806A,1,IPN burst. (Different from IceCube event.),18.17.54,+10:36:25,, , , ,
160804A,144.02.00,Bright SDSS host?,14:46:31.14,+09:59:56.7,0.511111111,y,y, ,
160802A,16.04,Bright burst.,01.52.07,+71:22:10,, , , ,
160801A,0.142361111,Faint burst. Dark? No optical counterpart.,14:11:03.10,+13:29:21.1,,y, , ,
160726A,00.07,"Short GRB, Sun-constrained.",06:35:14.2,-06:37:03.0,, , , ,
160720A,79,Detected by multiple satellites.,03.52.37,+73:53:33,, , , ,
160716A,06.39,"Low latitude, possible UVOT counterpart (star?). Minimal ground follow-up.",12:41:45.01,-61:21:03.8,,y,y?, ,
160714A,00.35,"Short burst, delayed slew.",15:37:57.7,+63:48:32.1,,?, , ,
160712A,95,Star near error circle.,20:16:38.36,-26:57:29.7,,y, , ,
160705B,54.04.00,Faint optical afterglow,11:12:26.27,+46:42:01.2,,y,y, ,
160703A,44.04.00,,19:09:40.1,+36:55:08.1,,y,y, ,
160630A,29.05.00,Bright afterglow but modest extinction.,13:13:02.04,-56:02:29.8,,y,y, ,
160629A,66.06.00,INTEGRAL burst with afterglow,00:19:27.1,+76:58:00.7,3.332,y,y, ,
160625A,53.09.00,Burst in Galactic plane. nearly simultaneous with 160625B.,11:47:39.72,-65:08:39.2,,y, , ,
160625B,460,Very bright Fermi-LAT burst. Optical flash detection. Possibly highest-ever E_iso.,20:34:23.50,+06:55:8.1,1.406,y,y,y,9
160624A,00.02,Short with possible host galaxy.,22:00:46.21,+29:38:37.8,0.335416667,y, , ,
160623A,55,Bright Fermi/LAT GRB in Galactic plane.,21:01:11.48,+42:13:14.6,0.254861111,y,y,y,
160612A,00.04,GBM/IPN short burst with Swift follow-up. no afterglow,23.13.22,-25:10:51,, , , ,
160611A,34.01.00,Minimal follow-up,10:57:41.35,-70:23:32.7,,y, , ,
160607A,33.04.00,Bright burst with red afterglow (dusty?),00:54:40.14,-04:56:53.3,,y,y, ,
160601A,00.12,Short GRB with afterglow.,15:39:44.91,+64:32:32.1,,y,y, ,
160525B,00.29,Short? Weak UVOT detection. no other optical detections.,09:57:32.31,+51:12:23.9,,y,y,n,
160525A,0.556944444,Unconfirmed reality.,06:54:17.9,-00:11:55.6,, , , ,
160521B,02.08,LAT detection. X-ray AG found after four days.,09:50:40.02,+79:01:50.5,,y, ,n,
160519A,35.57.00,No follow-up.,04:44:29.2,+31:14:46.1,, , , ,
160509A,371,Very bright LAT/GBM burst. Very reddened afterglow. High-energy photon.,20:47:00.93,+76:06:29.2,01.17,y,y,y,5
160506A,254.05.00,Very long. No ground detections.,17:43:23.62,-46:08:02.8,,y, , ,
160504A,53.09.00,Very faint or undetected optical/NIR afterglow.,11:20:17.34,+56:00:05.5,,y, , ,
160503A,59.04.00,,00:02:09.60,-1:55:47.99,, , , ,
160501A,118,Early limits (dark?),19:05:32.17,-17:14:28.9,,y, , ,
160425A,304.06.00,Very long. 'unusual' burst. Bright merger (probable) host.,18:41:18.57,-54:21:36.1,0.385416667,y,y, ,
160424A,06.03,No early slew. Poor localization.,21:17:56.41,-60:24:53.3,,y, , ,
160419A,08.08,"Near Sun, no slew or follow-up.",01:05:40.3,-27:20:28.7,, , , ,
160417A,15,Bright early afterglow.,08:01:01.64,+07:39:46.60,,y,y, ,
160412A,31.06.00,No early ground observations.,02:12:11.05,-67:37:36.7,,y, , ,
160411A,00.36,Short burst. Probable faint optical counterpart.,23:17:25.37,-40:14:30.5,,y,y, ,
160410A,08.02,Ambiguously-short GRB with early spectra.,10:02:44.37,+03:28:42.4,1.717,y,y, ,
160408A,00.32,Short burst with faint optical afterglow,08:10:29.81,+71:07:43.7,,y,y, ,
160327A,28,Bright early afterglow. Possibly z~5?,09:46:48.54,+54:00:46.4,4.99?,y,y, ,
160325A,64.09.00,LAT detection. Very bright early UVOIR counterpart but no redshift.,01:02:36.06,-72:41:47.7,,y,y, ,
160321A,33.06.00,Galactic plane.,06:37:40.76,+05:44:52.0,,y,y, ,
160314A,0.384027778,Faint afterglow and bright host galaxy.,07:31:09.73,+16:59:58.7,0.504166667,y,y, ,
160313A,42.06.00,Early observations and no detection. probably dark.,12:15:11.17,+57:17:00.4,,y, , ,
160303A,5,Short? Faint afterglow with late peak. Faint host.,11:14:48.12,+22:44:32.6,,y,y, ,
160228A,98.36.00,Light curve resembles SGRB w/ EE. but probably a long burst. Possibly z=1.64?,07:09:15.82,+26:55:53.8,,y,y, ,
160227A,316.05.00,Early optical detections.,12:59:13.80,+78:40:45.1,02.38,y,y, ,
160225A,157,Faint optical afterglow.,10:56:55.18,+53:40:13.7,,y,y, ,
160223B,30,INTEGRAL GRB with no afterglow found.,06:19:58.48,+33:24:26.99,, , , ,
160223A,127,Near Moon. no early Swift follow-up. Bright optical afterglow.,09:50:23.34,+09:22:09.0,,y,y, ,
160221A,10,INTEGRAL burst with probable afterglow.,15:28:21.67,-28:27:21.1,,y, , ,
160220B,31.04.00,"No rapid slew. Crowded field, nonfading optical source in error circle.",17:19:27.64,-18:07:26.5,,y, , ,
160220A,08.03,NIR nondetection.,15:47:48.67,-18:33:57.7,,y, , ,
160216A,11,No follow-up.,20:46:44.24,-71:32:54.1,,y, , ,
160206B,21.05,GBM burst with PTF follow-up. no optical counterpart found.,12.17,52.24.00,, , , ,
160206A,,MAXI GRB. no confirmed afterglow.,08.50.47,-36:05:56,, , , ,
160203A,20.02,Bright afterglow,10:47:48.35,-24:47:19.8,03.52,y,y, ,
160131A,325,Bright burst. well-observed afterglow.,05:12:40.36,-07:02:58.5,0.067361111,y,y,y,
160127A,06.16,Soft burst/XRF. Detected in all UV filters but no redshift.,15:03:55.76,+00:04:22.5,,y,y,y,
160123A,0.190972222,No optical detections.,10:01:15.02,-33:46:30.7,,y, , ,
160121A,12,Significant foreground extinction,07:16:21.16,-23:35:31.6,1.960,y,y, ,
160119A,116,Faint optical afterglow,14:07:41.35,+20:27:40.1,,y,y,y,
160117B,60,Early observations. multicolor/multiwavelength follow-up.,08:48:46.74,-16:22:00.0,0.059722222,y,,y,
160117A,118.06.00,,01:21:28.19,-00:39:19.2,,y, , ,
160104A,16.02,Early optical detections. Spec. observations but unclear redshift.,05:07:11.04,+11:19:26.4,,y,y, ,
160101B,06.09,LAT detection of low-energy photons. no follow-up. no location.,00.05,+55:14,, , , ,
160101A,04.07,MAXI GRB with XRT/UVOT detections.,14:38:36.12,-13:48:55.4,,y,y, ,
151229A,0.095833333,Short GRB. XRT afterglow. no ground detections.,21:57:28.76,-20:43:55.5,,y, , ,
151228B,48,UVOT detection but no ground detections.,22:57:41.87,+08:04:53.7,,y, , ,
151228A,00.27,"Short GRB, little follow-up. X-ray counterpart not confirmed.",14.16.04,-17:39:52.7,, , , ,
151225A,1,CALET/IPN burst.,15.11.36,-18:18:07,, , , ,
151221A,00.05,"INTEGRAL short burst, no follow-up.",19:34:55.84,+21:53:03.47,, , , ,
151215A,17.08,Early optical observations. rapid fading.,06:14:20.22,+35:30:57.2,02.59,y,y, ,
151210A,94.09.00,Faint optical afterglow,04:20:28.048,-71:15:02.53,,y,y, ,
151205B,01.04,No XRT detection. Deep early optical limits from image subtraction.,02:44:45.6,-43:27:39.8,, , , ,
151205A,62.08.00,No optical detection or deep limits.,15:17:09.27,+35:44:38.1,,y, , ,
151127A,00.19,Far-Southern short burst.,01:17:54.27,-82:46:14.9,,y, , ,
151122A,30,Low-significance Swift/GBM burst. no XRT detection.,19.58.49,-19:53:56,, , , ,
151120A,50,INTEGRAL GRB with early optical observations.,10:28:57.94,-32:31:35.1,,y,y, ,
151118A,23.04,Galactic plane. No optical detections.,03:48:41.17,+65:54:06.1,,y, , ,
151114A,0.226388889,"NUV afterglow, no redshift.",08:03:46.33,-61:01:40.0,,y,y, ,
151112A,19.32,MAXI detection. Faint. probably high-z afterglow.,00:08:12.77,-61:39:48.4,04.01,y,y, ,
151111A,76.93,,03:47:22.75,-44:09:43.23,03.05,y,y, ,
151107A,1000,"Near Sun and Galactic plane, minimal followup.",14:28:33.4,-59:40:46.9,, , , ,
151031A,5,Rapid-response VLT spectroscopy. Bright host.,05:32:47.11,-39:07:19.1,1.167,y,y, ,
151029A,0.399305556,Early spectroscopy.,02:34:06.72,-35:23:08.6,1.423,y,y, ,
151027B,80,1000th Swift GRB. High-z.,05:04:52.69,-06:27:00.8,4.063,y,y,y,
151027A,129.07.00,Very bright optical afterglow with major rebrightening. Extensive follow-up.,18:09:56.70,+61:21:13.01,0.05625,y,y,y,1
151023A,0.4625,Galactic plane.,18:03:56.30,-08:18:58.6,,y, , ,
151022A,116.07.00,No optical detections.,23:16:47.21,+55:48:42.6,,y, , ,
151021A,110.02.00,"Bright GRB, early spectroscopy.",22:30:34.369,-33:11:49.45,2.330,y,y, ,
151006A,203.09.00,Swift burst with LAT and Astrosat detections. No optical afterglow.,09:49:42.13,+70:30:10.8,,y, , ,1
151001B,109,No deep ground follow-up.,22:27:21.38,+64:41:37.5,,y, , ,
151001A,0.398611111,No ground follow-up.,15:34:54.89,+10:58:01.9,,y,y, ,
150925A,121,,15:10:08.22,-19:37:58.9,,y, , ,
150915A,164.07.00,Late optical peak.,21:18:37.84,-34:54:48.3,1.968,y,y, ,1
150912A,30,INTEGRAL/Fermi GRB. no afterglow found.,16:33:46.43,-21:02:01.53,, , , ,
150911A,07.02,No early follow-up.,04:29:44.14,+05:44:07.6,,y, , ,
150910A,112.02.00,Moderately bright optical afterglow with extensive follow-up.,00:22:40.11,+33:28:21.9,1.359,y,y, ,
150907B,62,No optical detections.,17:01:12.96,-63:47:06.3,,y, , ,
150902A,14,Fermi/LAT GRB with XRT afterglow.,14:19:54.20,-69:21:10.1,,y, , ,
150901A,64,Sun-constrained. no follow-up.,12:14:26.1,+25:04:35.2,, , , ,
150831B,06.02,,18:04:09.49,-27:15:32.4,,y, , ,
150831A,01.15,Short? Integral detection. No early optical observations. no OT.,14:44:05.82,-25:38:06.5,,y, ,n,
150821A,172.01.00,"Optical afterglow, late-time UVOT flattening (bright host?)",22:47:39.15,-57:53:38.2,0.524305556,y,y, ,
150819A,52.01.00,,02:49:19.94,+09:48:26.9,,y, , ,
150818A,123.03.00,Nearby burst with well-characterized associated supernova.,15:21:25.43,+68:20:33.0,0.195833333,y,y, ,
150817A,38.08.00,Early afterglow detections.,16:38:31.98,-12:03:11.5,,y,y, ,
150811A,34,"Bright afterglow with early rebrightening, no redshift.",19:25:21.40,-15:25:30.2,,y,y,y,
150801B,426,No ground-based follow-up. Very long.,05:31:51.88,-05:23:21.5,,y, , ,
150728A,0.057638889,Crowded field. Optical counterpart unclear.,19:28:54.89,+33:54:57.7,,y,y, ,
150727A,88,Nearby (reddened?) GRB and host galaxy.,13:35:52.52,-18:19:31.3,0.217361111,y,y, ,
150724B,38,LAT burst with Swift follow-up and probable X-ray counterpart.,23:27:33.90,+03:49:06.4,,y, , ,
150724A,280,,06:30:14.48,-19:09:51.9,,y, , ,
150722A,67,Minimal ground follow-up.,14:33:06.72,-35:11:45.1,,y, , ,
150720A,151,Crowded field in Galactic plane. Unconfirmed optical afterglow.,07:58:19.55,-28:15:45.0,,y, , ,
150716A,44,Crowded field. Unconfirmed optical afterglow.,18:33:57.13,-12:58:46.3,,y, , ,
150711A,64.02.00,No ground detections.,14:46:30.37,-35:27:22.1,,y, , ,
150710A,00.15,Short burst (or possibly a stellar flare). Unclear X-ray counterpart.,12:57:52.91,+14:19:05.0,,y, , ,
150702A,45,GBM/LAT burst. no afterglow.,03:31:07.20,-57:00:00.00,, , , ,
150627A,65,Fermi/LAT burst with optical afterglow.,07:49:53.06,-51:29:21.9,,y,y, ,
150626B,48,Early optical limits. Radio detection.,12:30:32.04,+66:46:18.7,, , , ,
150616A,599.05.00,Very long. Minimal ground follow-up. Late host reidentification.,20:58:52.05,-53:23:37.8,,y, , ,
150615A,27.06.00,Weak UVOT detection. no ground follow-up,07:10:15.53,-22:26:56.4,,y,y, ,
150607A,26.03.00,,09:19:57.20,+68:26:10.3,,y,y, ,
150530A,0.293055556,No early follow-up.,21:50:02.96,+57:30:59.9,,y, , ,
150527A,112,Early IR follow-up.,19:15:50.31,+04:12:06.1,,y, , ,
150523A,74.02.00,LAT burst with afterglow detection,07:41:08.68,-45:25:13.7,,y,y, ,
150518A,,MAXI burst with afterglow and possible nearby host (+SN?).,15:36:48.27,+16:19:47.1,0.177777778,y,y?, ,2
150514A,10.08,LAT burst with follow-up and bright afterglow,04:59:30.30,-60:58:06.3,0.560416667,y,y, ,
150513A,162,LAT detection. no afterglow detection.,03:16:10.6,-22:52:03.3,, , , ,
150510A,52,LAT detection. no follow-up.,01:04:38.39,+4:47:24.00,, , , ,
150430A,107.01.00,Swift/MAXI/GBM detections. No early optical.,21:45:55.17,-27:54:06.5,,y, , ,
150428B,130.09.00,Sparse optical coverage.,19:30:33.45,+04:07:30.5,,y, , ,
150428A,53.02.00,"Dark burst, no detection in early optical observations. Nearby galaxy not in XRT error circle.",12:34:09.31,+06:57:14.0,,y,y?, ,
150424A,91,Short GRB with extended emission and optical afterglow. Large galaxy nearby which may not be host.,10:09:13.381,-26:37:51.50,0.3??,y,y,y,2
150423A,00.22,Short GRB with optical afterglow. Redshift uncertain.,14:46:18.86,+12:17:00.7,1.394?,y,y,n,
150416A,33,"GBM/LAT burst, no follow-up.",03.55,+53:00,, , , ,
150413A,263.06.00,Early observations of OT. rapidly brightened in first 15 minutes. No early Swift XRT/UVOT.,12:41:41.98,+71:50:28.0,3.139,n,y,y,1
150407A,,Ground discovery. possibly not real. No early X-ray/optical follow-up.,14.26.25,+38:32:28,, , , ,
150403A,40.09.00,LAT detection,20:46:01.15,-62:42:41.0,02.06,y,y, ,
150323C,159.04.00,Early NIR observations. Bright apparent host. Redshift unknown.,12:50:27.92,+50:11:28.75,,y,y, ,
150323B,60,Detected in ground analysis.,17:21:48.83,+38:19:04.6,,y, , ,
150323A,149.06.00,Early optical observations. Host detected in emission.,08:32:42.83,+45:27:53.5,0.411805556,y,y, ,
150318A,83.88,Deep early GROND limits.,21:40:01.45,-61:27:24.8,,y, , ,
150317A,23.29,Possible bright host.,09:15:56.29,+55:27:56.5,,y, , ,
150314A,0.638194444,"Bright GRB with LAT detection, early optical follow-up, multiwavelength follow-up.",08:26:40.973,+63:50:03.29,1.758,y,y,y,
150309A,242,Near north cel. pole. Early observations and no afterglow detection.,18:28:24.51,+86:25:43.5,,y, , ,
150305A,100,INTEGRAL source. faint XRT counterpart.,17:59:02.60,-42:39:49.5,, , , ,
150302A,1.009722222,Unconfirmed optical counterpart,11:42:07.43,+36:48:38.9,,y,y, ,
150301B,12.44,,05:56:39.94,-57:58:10.0,15.169,y,y, ,1
150301C,,Low-significance BAT trigger near M31. possible XRT counterpart in M31.,00:45:14.57,+41:50:35.1,,y, ,n,
150301A,00.48,Short burst towards Galactic bulge.,16:17:13.13,-48:42:47.2,,y, , ,
150222A,15.09,,13:15:08.75,-12:09:07.2,,y,?, ,
150219A,36,INTEGRAL GRB with afterglow.,18:05:00.34,-41:35:38.9,,y, , ,
150213B,181,Early optical detections. Nearby contaminating star.,16:53:48.675,+34:11:19.3,,y,y, ,
150212A,11.04,No detection in early P60 observations (dark?).,19:01:55.60,+47:21:51.6,,y, , ,
150211A,13.06,Dark? Early nondetections by several telescopes.,16:59:26.21,+55:23:36.2,,y, , ,
150210A,31,GBM burst with secure LAT detection.,07:28:36.00,+13:16:11.99,, , , ,
150206A,83.02.00,,00:40:17.66,-63:10:55.6,2.087,y,y, ,
150204A,12,Swift ground detection. also seen by Fermi.,10:40:56.94,-64:02:19.4,,y, , ,
150203A,25.08.00,"Extensive early optical follow-up but in Galactic plane, no detections.",06:33:35.79,+06:57:13.3,,y, , ,
150202B,167,Fermi GRB with XRT detection. Probably no LAT high-energy detection.,05:47:49.07,+58:49:46.7,, , , ,
150202A,25.07.00,No GROND detection 1.5 hrs after burst.,02:36:54.59,-33:08:53.0,,y, , ,
150201A,26.01.00,Swift/Fermi burst. Second Fermi burst 20 minutes later from same region. No early ground follow-up.,00:47:19.86,-37:37:07.8,,y, , ,
150127A,53,"GBM burst, LAT detection due to low-energy photons.",,,, , , ,
150120B,24.03.00,"Red afterglow, many early optical observations.",02:37:09.770,+08:04:40.37,,y,y, ,
150120A,01.02,"Dark burst, no optical detection in deep early imaging.",00:41:16.54,+33:59:41.5,0.319444444,y, , ,
150118B,40,Fermi GBM/LAT burst.,16:00:57.60,-35:45:00.00,, , , ,
150110B,10.06,Possible radio afterglow. no other AG detections.,19:17:29.98,+32:31:23.8,,y, ,y,
150103A,49.01.00,,08:46:39.83,-48:53:09.1,,y, , ,
150101B,00.02,Short. soft burst. possibly from nearby galaxy with AGN.,12:32:05.09,-10:56:03.0,0.093055556,y?,y, ,2
150101A,00.06,"Short burst, no ground follow-up.",20:50:24.81,+36:43:59.5,,y, , ,
141230A,09.09,Soft burst. PTF follow-up. no clear OT identified.,03:47:59.99,+1:36:00.00,, , , ,
141229A,11,MAXI/Fermi burst.,04:49:42.79,-19:13:58.1,,y?, , ,
141225A,40.24.00,Early optical observations,09:15:06.80,+33:47:30.7,0.635416667,y,y, ,
141222A,02.04,,11.52.38,-57:16:47,, , , ,
141221A,36.09.00,Bright early afterglow.,13:13:08.80,+08:12:18.9,1.452,y,y, ,2
141220A,07.21,Early GTC spectroscopy/photometry.,13:00:15.76,+32:08:46:4,13.195,y,y, ,
141215A,11,Fermi/IPN burst.,11:55:50.33,-52:49:34.4,,y, , ,
141212B,10.05,Minimal ground follow-up.,16:43:30.28,+31:45:01.6,,y, , ,
141212A,00.03,Short burst. Early radio nondetection,02:36:30.31,+18:08:48.3,0.413888889,y, ,n,
141207A,,LAT burst. probable X-ray counterpart.,10:39:25.13,+03:42:41.0,,y, , ,1
141205A,01.01,Short burst. ground-analysis discovery. No afterglow found.,06:11:26.1,+37:52:32.2,, , , ,
141202A,01.03,IPN burst. UV counterpart in error box. probably not associated.,09.32.17,+54:09:38,, , , ,
141130A,62.09.00,Swift burst with moderately bright optical afterglow,14:51:17.23,+47:19:07.3,,y,y, ,
141125A,,IPN burst,08.31.38,-29:52:28,, , , ,
141124A,,"Fermi GRB, no afterglow found.",09.00.17,+78:10:48,, , , ,
141121A,549.09.00,Very long. Long-lived and slow-decaying optical/X-ray afterglow.,08:10:40.62,+22:13:01.8,01.47,y,y,y,1
141118A,04.04,"Fermi burst, no optical counterpart",10.32.24,19.48,, , , ,
141109B,54.02.00,,14:49:12.76,+73:07:51.1,,y, , ,
141109A,200,Bright early afterglow. Very long.,09:38:07.40,-00:36:28.7,2.993,y,y,y,
141104A,25,IPN burst,18.37.57,-12:42:07,, , , ,
141102A,0.126388889,Fermi/Swift-ground burst. no afterglow localization.,13:54:27.4,-47:06:00,, , , ,
141031B,16,Faint GRB. No optical afterglow detected in early observations.,23:47:37.18,+41:21:08.0,,y, , ,
141031A,920,Very long with several widely-separated emission episodes. OT unclear.,08:34:25.87,-59:10:06.1,,y, , ,
141028A,31.05.00,LAT detection.,21:30:24.54,-00:13:52.7,2.332, ,y, ,2
141026A,146,Faint and long burst with slow-rising. faint afterglow.,02:56:20.25,+26:55:42.4,3.35??,y,y,y,
141022B,09.02,Fermi burst,07.58,#VALUE!,, , , ,
141022A,0.383333333,Probable GROND afterglow,16:07:28.82,-72:07:29.6,,y,y?, ,
141020B,,"MAXI burst, no followup.",14.17.11,+07:59:02,, , , ,
141020A,15.55,"Swift burst, UVOT afterglow but little ground follow-up.",14:59:59.15,+55:18:46.7,,y,y, ,
141017A,55.07.00,Faint GROND afterglow.,06:14:31.28,-58:34:56.5,,y,y, ,
141015A,11,No optical afterglow.,05:50:04.46,+18:19:47.7,,y, , ,
141011A,00.01,Fermi/IPN burst,16.59,#VALUE!,, , , ,
141005A,04.34,Very faint afterglow and bright host in early observations.,19:24:22.392,+36:05:42.26,1.39?,y,y, ,
141004A,0.188888889,Swift/INTEGRAL burst. Moderately low-z. Possible faint associated SN.,05:06:56.17,12:49:10.8,0.397916667,y,y, ,
140930B,0.058333333,Short-hard GRB with faint afterglow,00:25:23.433,+24:17:39.41,,y,y, ,
140930A,,Possible MAXI burst,22.59.30,+52:25:40,, , , ,
140928A,14,Fermi-LAT/INTEGRAL burst. Afterglow candidate spectrum is featureless.,02:54:47.72,-55:55:44.0,,y,y, ,
140927A,06.26,No ground follow-up.,19:27:10.10,-65:23:36.1,,y, , ,
140919A,151.03.00,Swift/Fermi burst. Bright UVOT/GROND afterglow.,14:46:08.96,-32:10:34.6,,y,y, ,
140916A,80.01.00,"No early NIR detection, dark.",02:41:35.88,-39:41:11.2,,y, , ,
140909A,128,Weak sub-threshold Swift burst.,12:54:26.81,+63:31:00.6,,y, , ,
140907A,79.02.00,GRB with extensive follow-up.,03:12:34.98,+46:36:17.5,01.21,y,y, ,
140906B,23,Fermi burst,16.33,+49:30,, , , ,
140906A,39,Fermi burst,16.33,+49:30,, , , ,
140903A,00.03,Low-z short burst in luminous galaxy very close on sky to bright star.,15:52:03.21,+27:36:10.7,0.24375,y,y,y,2
140901A,00.16,"IPN/Fermi burst, no followup.",01.03.16,-32:45:19,, , , ,
140901B,65,"Fermi burst, also found in Swift ground analysis.",07:28:44.2,-29:12:31,,n, , ,
140831A,,"Fermi burst, no OT found in PTF.",,,, , , ,
140829A,19,"Fermi burst, no OT found in PTF.",,,, , , ,
140828A,18.08,"Swift/Fermi burst, no follow-up.",09:28:07.0,+14:34:09.2,, , , ,
140824B,109,"Fermi burst, possible OT was unassociated.",,,, , , ,
140824A,03.09,No optical detection at 12 hrs to moderately deep limits.,13:46:28.10,+33:17:37.8,,y, , ,
140821A,32,Fermi burst.,,,, , , ,
140818B,18.01,Swift/Fermi burst. Faint optical afterglow.,18:04:32.47,-01:23:09.7,,y,y, ,
140818A,109,MAXI/Fermi burst. Afterglow found in XRT tiled analysis.,13:18:15.08,+06:55:22.6,, ,y, ,
140817A,244,Swift GRB with faint afterglow.,08:29:03.21,58:11:24.7,,y,y, ,
140815A,8,INTEGRAL burst. Galactic plane. Reported OT. not confirmed.,05:47:34.13,-08:40:48.5,,y,y?, ,
140814A,,MAXI burst. Very soft.,12.10.03,+49:20:52,, , , ,
140810a,82,Fermi/LAT burst. No afterglow found.,07:56:09.60,+27:33:00.00,, , , ,
140809A,70,Fermi burst. OT probably not associated. No Fermi position given.,,,, ,y, ,
140808A,04.07,Fermi burst with PTF high-z afterglow,14:44:53.33,+49:12:51.1,03.29,y?,y, ,
140801A,7,Fermi burst with MASTER afterglow.,02:56:16.48,+30:56:17.0,1.320, ,y, ,1
140730A,41.03.00,No ground-based detections.,03:45:35.79,-66:32:42.7,,y, , ,
140729A,78,"Fermi/LAT burst, no afterglow found.",12:55:47.99,+15:20:59.99,, , , ,
140723A,56,"Fermi/LAT burst, no afterglow found.",14:02:31.19,-3:43:47.99,, , , ,
140721A,128,Fermi/IPN burst,11.50.35,-37:44:06,, , , ,
140719B,53,No early Swift follow-up and no afterglow found.,02:38:55.4,-02:23:03.5,, , , ,
140719A,48,No early optical follow-up. Unconfirmed GROND OT candidate.,11:26:24.20,-50:08:06.5,,y,?, ,
140716A,104,Swift-ground/Fermi event with OT.,07:12:41.20,-60:10:35.3,,y,y, ,
140714A,132,Fermi burst,14.44,40.18.00,, , , ,
140713A,05.03,"Dark, no optical detections. Millimeter detection.",18:44:25.68,+59:38:01.1,,y, ,y,
140710B,30.07.00,INTEGRAL+Fermi burst.,13:38:34.96,-58:35:28.67,, , , ,
140710A,03.52,Relatively bright host galaxy?,02:44:16.30,+35:29:57.1,0.3875,y,y, ,
140709B,155,No early observations and no afterglow.,09:44:13.21,+63:31:46.5,,y, , ,
140709A,98.06.00,No confirmed optical counterpart.,20:18:38.94,+51:13:29.6,,y,y?, ,
140706A,48.03.00,UVOT detection. no other early optical observations.,03:17:10.39,-38:03:07.8,,y,y, ,
140705A,00.08,Flare from unknown SGR.,19:34:55.68,+21:53:48.2,, , , ,
140703A,67.01.00,Moderately high-z and probably significantly reddened. Radio/millimeter follow-up.,00:51:59.05,+45:06:06,03.14,y,y,y,
140629A,42,"Extensive optical follow-up, rapid decay.",16:35:54.44,+41:52:36.7,2.275,y,y, ,
140628A,10.05,,02:42:39.88,-00:23:05.7,,y,y, ,
140626A,16.04,Soft. Far south. Red afterglow?,05:09:30.79,-82:37:50.2,,y,y, ,
140623A,110,Fermi event with PTF afterglow (14cyb),15:01:53.42,+81:11:29.1,0.105555556,y,y, ,
140622A,00.13,Short. soft burst.,21:08:41.58,-14:25:09.5,0.959?,y, , ,
140621A,06.04,,01.40,22.20,, , , ,
140620A,,Fermi event with PTF afterglow (14cva),18:47:29.01,+49:43:51.3,02.04,y,y, ,
140619C,87,,15.32.04,-25:35:55,, , , ,
140619A,233.09.00,Long. bright Swift burst. No ground follow-up.,01:48:26.15,-39:15:32.6,,y,y, ,
140619B,00.05,Fermi GBM/LAT short burst.,08:50:43.20,-9:39:36.00,, , , ,2
140614C,20,IPN+Swift ground burst.,09:49:41.5,71.56.41,, , , ,
140614B,49.08.00,No optical/NIR detection in early observations.,21:30:31.50,+14:55:46.9,,y, , ,
140614A,,High-z. Early multicolor observations.,15:24:40.65,-79:07:43.5,4.233,y,y, ,
140611A,01.09,IPN/Swift short(?) burst. Possible XRT afterglow.,23:19:40.14,-40:06:16.0,,y?, , ,
140610A,134.01.00,No ground detections.,19:05:04.57,+03:54:29.1,,y, , ,
140607A,109.09.00,Near Sun. no follow-up.,05:45:29.5,+18:54:15.5,, , , ,
140606A,00.34,"Delayed X-ray response, no afterglow found.",13:27:11.7,+37:35:56.5,,n, , ,
140606B,23.06,"Fermi GBM burst, PTF-discovered afterglow. Low redshift. Associated supernova.",21:52:29.97,+32:00:50.6,0.266666667,y,y, ,1
140604A,1,,17.32.41,-40:24:22,, , , ,
140529A,04.05,"Bright IPN burst, during Swift slew.",15:15:07.73,-41:03:07.3,, , , ,
140528A,13.06,IPN/Fermi burst,18.42.55,-59:04:47,, , , ,
140521A,0.436111111,"Faint burst, no Swift slew. No successful optical detections.",21:20:42.6,+67:35:12.7,, , , ,
140518A,60.05.00,"Faint afterglow, high redshift.",15:09:00.62,+42:25:05.9,4.707,y,y, ,
140516A,00.19,"Short burst. Faint X-ray afterglow, deep optical/radio limits.",16:51:57.38,+39:57:45.9,,y, , ,
140515B,,"MAXI event, no afterglow found.",19.17.24,-11:42:03,, , , ,
140515A,23.04,Very high redshift. IR. radio detections.,12:24:15.51,+15:06:16.6,06.32,y,y,y,2
140512A,154.08.00,Bright GRB with bright early optical afterglow.,19:17:28.78,-15:05:39.2,0.503472222,y,y, ,1
140509B,,"MAXI event, no afterglow found.",20.51.51,+21:00:57,, , , ,
140509A,23.02,No ground follow-up.,03:06:22.69,-62:38:21.7,02.04,y,y,y,
140508A,44.03.00,Fermi GRB with PTF afterglow,17:01:51.95,+46:46:49.5,1.027,y,y, ,
140506A,111.01.00,Heavily extinguished afterglow but still UVOT-detected.,18:27:06.03,-55:38:08.8,0.617361111,y,y, ,4
140502A,16.09,,21:16:45.16,+48:58:12.7,,y, , ,
140501A,00.26,Fermi SHB,11:27:36.00,+24:36:00.00,, , , ,
140430A,173.06.00,Well-observed. Host emission line seen in afterglow.,06:51:44.61,+23:01:25.1,0.083333333,y,y, ,1
140428A,17.42,"Faint. red afterglow, high redshift.",12:57:28.392,+28:23:06.28,04.07,y,y, ,
140428B,00.05,Fermi/Konus/IPN SHB.,00.08.01,+68:10:20,, , , ,
140423A,134,Bright optical afterglow. extensively observed.,13:09:08.54,+49:50:29.4,03.26,y,y, ,
140419A,94.07.00,Bright afterglow. Early millimeter detection. High redshift.,08:27:57.56,+46:14:25.11,3.956,y,y,y,
140416A,28.05.00,Fermi/Konus/IPN long GRB.,02.40.45,39.31.37,, , , ,
140414A,00.07,"BAT short burst found in ground analysis, no afterglow.",13:01:14.3s:,"56:54:06""",, , , ,
140413A,139.06.00,Faint. long burst. Flattening optical LC suggests bright hosts.,04:21:49.23,-51:10:58.0,,y,y, ,
140412A,39.06.00,No ground follow-up.,09:39:53.60,-65:49:18.5,,y, , ,
140408A,4,Optical counterpart not confirmed.,19:22:51.85,-12:35:42.5,,y,?, ,
140406A,42,Fermi burst,04.40,13.30,, , , ,
140402A,00.03,"Fermi short burst, LAT detection, marginal Swift/BAT detection. No afterglow found.",13:50:23.66,+05:46:27.4,, , , ,1
140331A,209,"Long. Undetected afterglow, SDSS z~0.7 galaxy in XRT error circle.",08:59:27.46,+02:43:02.3,,y,y, ,
140330A,34,"Fermi/AGILE burst, LAT detection.",21:41:46.06,-64:11:17.7,, , , ,
140329A,21.05,"Fermi/IPN burst, LAT detection.",09:42:47.52,-32:13:44.39,, , , ,
140323A,104.09.00,"Bright burst. Far south, no optical detections. LAT detection.",23:47:50.21,-79:54:16.6,,y, , ,
140320D,50,"IPN burst, minimal follow-up",05.51.34,+85:25:46,, , , ,
140320C,30,INTEGRAL burst,08:57:34.65,+71:11:54.4,,y,y, ,
140320B,100,INTEGRAL burst with afterglow,09:42:14.17,+60:16:05.7,,y,y, ,
140320A,00.45,"Swift/Fermi short burst, near Galactic plane.",18:47:25.19,-11:11:39.1,,y, , ,
140318A,08.43,Very luminous probable host.,12:16:21.43,+20:12:32.9,01.02,y,y, ,
140311B,70,,16:49:17.97,+52:43:26.41,,y,y, ,
140311A,71.04.00,High-redshift,13:57:13.29,+00:38:31.7,4.954,y,y,y,
140311C,14,GBM burst. PTF afterglow candidate?,12.14,62.48.00,, , , ,
140308A,90,Bright IPN burst,23.50.15,-33:20:54,, , , ,
140306A,68,Fermi/IPN burst.,01.51.46,+48:58:31,, , , ,
140305A,13.07,No slew or follow-up.,22:57:59.4,+15:26:53.3,, , , ,
140304A,15.06,,02:02:34.26,+33:28:25.5,5.283,y,y,y,1
140302A,87.05.00,Faint optical counterpart.,16:55:26.30,-12:52:42.2,,y,y, ,
140301A,31,"Faint optical counterpart, strong host emission lines.",04:38:13.78,-34:15:23.5,1.416,y,y, ,
140226A,15,Optical counterpart detected indepdently by PTF.,14:45:58.01,+14:59:35.4,0.109722222,y,y, ,
140221A,,"MAXI event, no afterglow found.",07.09.47,-17:20:09,, , , ,
140219A,80,Extremely bright IPN/GBM/LAT burst. Well-localized but no afterglow found.,10:25:45.60,+7:27:35.99,, , , ,
140215A,84.02.00,Extensive early optical observations but no redshift.,06:56:35.83,+41:47:11.8,,y,y, ,
140213A,60,Long-lived OT.,07:00:37.09,-73:08:13.5,12.076,y,y, ,
140211A,89.04.00,Afterglow not confirmed.,08:16:53.59,+20:14:35.5,, , , ,
140209A,21.03,Faint P60 optical afterglow.,05:25:19.034,+32:29:53.18,, ,y, ,
140206A,93.06.00,Swift+INTEGRAL.,09:41:20.21,+66:45:37.7,0.134722222,y,y, ,1
140206B,120,LAT detection but no afterglow.,21:01:02.39,-8:30:35.99,, , , ,
140129B,01.36,Intermediate duration.,21:47:01.66,+26:12:23.0,,y,y, ,
140129A,0.152083333,Early optical detections but no redshift.,02:31:33.78,-01:35:42.88,,y,y, ,
140118A,84.15.00,MAXI detection. No Swift slew. No afterglow found.,22:03:59.8,-17:56:14.1,, , , ,
140114A,139.07.00,Long image trigger.,12:34:05.08,+27:57:02.0,,y,y, ,
140110A,9,LAT detection.,01:54:20.35,-36:29:44.1,,n, , ,
140108A,94,,21:40:26.813,+58:44:40.17,,y,y, ,
140105A,00.08,"Short GBM burst, unsuccessful optical follow-up.",13.53,+50:10,, , , ,
140104B,190,"Fermi burst with LAT detection, XRT candidate afterglow",14:35:00.97,-09:01:39.8,,n, , ,
140103A,17.03,Faint optical afterglow candidate outside XRT error circle.,15:28:20.83,+37:45:27.2,,y, , ,
140102A,65,LAT detection. Unknown redshift.,14:07:40.65,+01:19:59.8,,y,y, ,
131231A,31,Nearby Fermi/LAT burst with bright optical afterglow.,00:42:21.665,-01:39:10.61,0.445833333,y,y, ,1
131229A,0.601388889,Very dark. No OT in pre-1hr early imaging from Gemini/Magellan.,05:40:55.61,-04:23:46.6,,y, , ,
131227A,18,Possible high-z GRB near galactic plane.,04:29:30.83,+28:52:58.81,5.3?,y,y, ,
131226A,07.02,Swift burst with no follow-up.,20:05:14.2,-64:56:35.2,, , , ,
131225A,,MAXI GRB near plane.,06.20.36,+05:24:46,, , , ,
131224A,00.08,"INTEGRAL short GRB, no afterglow.",19:47:20.08,+31:40:03.71,,n, ,n,
131218A,6,"INTEGRAL burst, no afterglow found.",07:35:07.36,-64:44:14.28,,n,n, ,
131216A,24,"LAT-detected, no precise localization.",06.18.42,-41:37:35,, , , ,
131215A,,MAXI burst,17.14,+07:30,, , , ,
131209A,14,"LAT burst, no confirmed afterglow.",09:05:59.99,-33:12:00.00,,n, , ,
131205A,37.05.00,Faint afterglow. possible red host galaxy.,08:46:30.86,-60:09:20.6,,y,y, ,
131202A,30.04.00,"Red GROND source, extinguished afterglow?",22:56:12.98,-21:39:44.3,,y,y, ,
131128A,3,Bright afterglow near star.,23:41:13.795,+31:18:22.32,,y,y, ,
131127B,18,,20.19.21,-02:49:46,, , , ,
131127A,92.01.00,Dark GRB,22:10:55.14,+36:36:34.5,,y, , ,
131126A,00.03,,14:38:44.88,-12:29:20.40,, , , ,
131125A,00.05,,07.38.42,+48:24:49,, , , ,
131122A,70,"INTEGRAL burst. X-ray afterglow found, optical upper limits.",10:10:09.84,+57:43:41.5,,y, , ,
131120A,131,XRF. No slew,18:35:44.8,-12:01:34.8,, , , ,
131117A,11,"Moderately high z, UVOT detection. Soft.",22:09:19.36,-31:45:44.3,4.042,y,y, ,
131110A,100,Ground analysis burst,04:37:04.4,-17:15:34,, , , ,
131108A,19,LAT on board detection. Swift afterglow.,10:26:00.48,+09:39:44.05,02.40,y,y,y,1
131105A,112.03.00,Dust-reddened.,04:43:52.27,-62:59:43.7,1.686,y,y, ,
131103A,17.03,Relatively nearby. Probable bright host.,23:15:40.55,-44:38:25.4,0.415972222,y,y, ,
131030A,41.01.00,Bright GRB. Polarimetric observations of afteglow.,23:00:16.13,-05:22:05.1,1.293,y,y, ,2
131029A,105,"LAT burst, no afterglow found.",13:23:08.40,+48:17:52.80,, , , ,
131028A,17,,04.04.54,+71:35:41,, , , ,
131024B,64,Early limits on optical afterglow.,09:38:00.67,+44:16:16.8,,y, , ,
131024A,112,"No early optical observations, no afterglow.",19:21:55.59,-64:36:09.6,,y, , ,
131018B,38,,20:18:08.50,+23:11:12.7,,y, , ,
131018A,73.22.00,Early optical nondetection.,06:33:53.11,-19:53:47.5,,y, , ,
131014A,03.02,Bright LAT-detected burst with very faint afterglow.,06:41:12.62,-19:05:51.7,,y, , ,1
131011A,77,Afterglow found by PTF.,02:10:06.28,-04:24:40.9,1.874,y,y, ,
131004A,01.54,Short/intermediate burst with optical counterpart.,19:44:27.25,-02:57:30.6,0.497916667,y,y, ,
131002B,39.01.00,Soft burst. No OT detecion at 17 hrs.,05:00:29.62,-75:42:10.8,,y, , ,
131002A,55.59.00,Far north. Early observations but no redshift.,16:52:52.86,+82:03:16.4,,y,y, ,
131001A,04.09,Ground analysis Swift burst. delay before re-observation. No afterglow found.,00:33:13.0,+25:33:26,, , , ,
130930A,,No slew. Long-lived counterpart (Swift J1242). probably not a GRB.,12:42:53.9,-35:30:40,, , , ,
130929A,11.01,Minimal ground follow-up.,09:00:05.78,-47:33:39.8,,y, , ,
130925A,,Very peculiar low-redshift event with rapid flares for several hours. extremely bright late X-ray counterpart.,02:44:42.96,-26:09:11.16,0.240972222,y,y, ,13
130919A,97.03.00,Swift burst. no slew.,13.49.09,-10:21:19,, , , ,
130913A,10,"Faint. near galaxy cluster, no slew or afterglow.",22:47:50.4,+01:17:38.0,, , , ,
130912A,00.28,Faint and slow-fading optical counterpart.,03:10:22.23,+13:59:48.7,,y,y,n,2
130907A,115.01.00,Bright burst. Red afterglow. Early radio detection. Underlying SDSS galaxy.,14:23:33.99,+45:36:27.4,1.238,y,y,y,2
130903A,69,INTEGRAL/Fermi burst. Limited follow-up.,05:28:31.33,-00:07:38.4,,y,y, ,
130831B,37.08.00,Minimal follow-up.,12:49:40.92,-29:10:59.6,,y, , ,
130831A,32.05.00,Bright nearby burst.,23:54:29.90,+29:25:46.8,3.327083333,y,y, ,5
130829A,42.56.00,Near NGC4144. No Swift follow-up. no reported afterglow.,12:09:42.1,+46:31:10.8,, , , ,
130828A,159,LAT-detected. Possible X-ray afterglow detection marginal.,17:19:09.24,+28:13:14.05,, , , ,
130822A,00.04,"Short burst. Faint X-ray afterglow, no OT found.",01:51:41.23,-03:12:31.1,,y,n,n,
130821A,84,LAT detection. No afterglow found.,20:56:24.00,-12:00:00.00,,?, , ,1
130816B,10,Faint burst. no follow-up.,11:20:03.89,-57:33:26.7,,y,y, ,
130816A,29.97,"Weak burst with bright NIR afterglow, low Galactic latitude.",13:08:33.80,-58:56:41.2,,y,y, ,
130812A,07.06,Minimal follow-up and no OT found.,06:09:34.89,-13:17:20.4,,y, , ,
130807A,,"Very long with many flares, probably Galactic.",17:59:12.16,-27:36:57.5,,y, , ,
130806A,06.01,XRF. Few optical observations.,02:23:42.77,+67:31:56.0,,y, , ,
130803A,44,"Dark burst, no optical detections in rapid imaging. Possible host.",14:41:00.64,-02:29:31.3,,y, , ,
130727A,13.57,Faint optical/UV afterglow.,22:03:11.66,-65:32:18.7,,y,y, ,
130725B,10,Bright optical/UV afterglow.,14:16:57.76,-11:07:41.8,,y, , ,
130725A,101.08.00,Faint burst. no optical counterpart.,15:20:07.78,+00:37:39.4,,y, , ,
130722A,,"Moderatly bright OT, possible bright host offset by 1 arcsec?",17:22:36.47,-02:58:21.6,,y,y, ,
130719A,177.07.00,"Swift burst, no slew.",05:56:09.2,-11:35:29.0,, , , ,
130716A,00.08,Possibly short. hard. No optical afterglow found.,11:58:17.66,+63:03:11.6,,y, , ,
130715A,48,"Fermi burst, no follow-up.",19.09,#VALUE!,, , , ,
130708A,9,Fermi + Swift(ground) burst. No afterglow found.,01:09:53.7,00:00:11.9,, , , ,
130702A,59,Fermi GBM/LAT burst. Very low redshift. Afterglow found by Palomar Transient Factory.,14:29:14.78,+15:46:26.4,0.100694444,y,y,y,7
130701A,04.38,,23:48:55.09,+36:06:01.4,1.155,y,y, ,
130628A,22,"Fermi burst, no followup.",00.25,-05:00,, , , ,
130627B,28.06.00,No ground follow-up.,12:07:39.14,-55:42:02.9,,y, , ,
130627A,30.08.00,No ground follow-up.,12:17:39.68,-37:05:12.5,,y, , ,
130626A,00.16,Short burst. Reported X-ray afterglow nonfading.,18:12:30.6,-09:31:29.9,,n, , ,
130625A,38.01.00,,22:53:06.85,+82:10:27.0,,y, , ,
130623A,15,Swift/Fermi XRF with afterglow.,01:23:26.17,-77:46:24.0,,y,y, ,
130615A,304,Long. soft GRB. Afterglow candidate slow-fading at early times.,18:19:19.11,-68:09:40.5,,y,y, ,
130614A,09.03,"Fermi burst, no follow-up.",21.36,#VALUE!,, , , ,
130612A,4,"Soft burst, possibly much longer T90. Optical/IR afterglow.",17:19:10.58,+16:43:11.9,2.006,y,y, ,
130610A,46.04.00,Early multicolor optical afterglow detection. extensive ground followup..,14:57:40.92,+28:12:23.1,2.092,y,y, ,
130609B,210.06.00,UV detections. Possible optical rise/flare.,03:35:05.11,-40:10:26.7,,y,y, ,
130609A,7,Dark. No radio/mm detection.,10:10:40.44,+24:07:56.5,,y, ,n,
130608A,44.04.00,Faint. No optical afterglow found.,01:38:26.66,+41:30:09.9,,y, , ,
130606A,276.06.00,Very long. luminous burst at high redshift.,16:37:35.188,+29:47:47.03,0.271527778,y,y,y,8
130606B,52,"Bright Fermi/LAT burst, XRT counterpart. No optical afterglow (dark?)",14:34:07.00,-22:06:07.6,, , , ,1
130605A,12.06,"Bright optical counterpart, near Galactic plane.",08:58:08.6,-33:27:40.3,,y,y, ,
130604A,37.07.00,Faint optical counterpart.,16:40:45.290,+68:13:33.58,01.06,y,y, ,
130603B,00.18,Short GRB with reported kilonova.,11:28:48.15,+17:04:18.0,0.247222222,y,y,y,10
130603A,76,Far north.,05:47:33.9,+82:54:31.3,,y,y, ,
130529A,128,No ground observations.,01:37:07.66,-64:08:50.8,,y, , ,
130528A,59.04.00,Dark GRB near north celestial pole. Unobscured host.,09:18:01.47,+87:18:03.7,1.250,y, , ,1
130527A,44,"Very bright GRB, no OT but near Moon. Possible bright host galaxy.",20:37:06.34,-24:43:30.3,,y, , ,
130521A,11,Bright. red afterglow reported. near Galactic plane.,05:50:10.55,+14:27:26.8,, , , ,
130521B,20,Bright IPN burst.,18.46.34,+22:43:21,, , , ,
130518A,48,Luminous Fermi/LAT/Swift burst. Multiwavelength afterglow detection.,23:42:40.27,+47:27:53.74,02.49,y,y, ,
130518B,15,Ground analysis burst. no afterglow.,21:26:13.2,-20:08:53,, , , ,
130515A,00.29,Short GRB. Optical AG candidates stellar. nonvariable.,18:53:45.71,-54:16:45.5,,y, , ,
130514B,10,INTEGRAL GRB with X-ray counterpart.,09:50:26.06,-18:57:54.6,,y, , ,
130514A,204,Behind a Galactic star cluster. Multi-filter detections.,19:45:07.90,-07:58:34.4,03.06,y,y, ,
130511A,05.43,,13:06:34.96,+18:42:36.0,13.033,y,y, ,
130508A,42,No optical detection. faint burst with no deep/early limits.,20:21:17.43,+34:57:28.7,,y, , ,
130505B,,"Fast fading X-ray counterpart, not a GRB?",09:17:22.18,+01:42:03.1,, , , ,
130505A,88,Very bright. luminous burst with bright afterglow.,09:08:14.64,+17:29:05.2,02.27,y,y, ,
130504C,74,Bright Fermi burst with LAT detection and X-ray afterglow,06:06:31.00,+03:50:01.5,,y, , ,
130504B,00.04,"IPN burst, no follow-up.",23.11.49,-05:44:20,, , , ,
130504A,50,X-ray counterpart was outside BAT error circle,18:09:48.0,-16:18:48.0,,y, , ,
130502A,3,Faint burst. very faint optical afterglow (dark?),09:14:16.53,-00:07:23.9,,y,y, ,
130502B,24,"Very bright Fermi burst, LAT detection. Optically dim or dark. Low Galactic latitude.",04:27:02.73,+71:03:38.4,,y, , ,
130427B,27,Bright early optical counterpart.,20:59:35.62,-22:32:46.9,0.1375,y,y, ,
130427A,162.08.00,"Brightest GRB in 29 years. Swift/GBM/LAT/MAXI detections, simultaneous optical prompt detections, extremely well-observed multiwavelength afterglow and SN.",11:32:32.84,+27:41:56.2,00.34,y,y,y,41
130425A,66,IPN burst,00.24.51,-70:11:00,, , , ,
130420B,10.02,"Faint burst, no OT in early observations.",12:12:30.78,+54:23:26.1,,y, , ,
130420A,123.05.00,Soft burst. Bright optical/IR counterpart.,13:04:25.57,+59:25:26.7,1.297,y,y, ,
130419A,75.07.00,"Swift burst, no slew or follow-up.",23:41:06.7,+09:54:00.6,, , , ,
130418A,300,Ultra-long? Bright afterglow.,09:56:08.92,+13:40:02.8,1.218,y,y,n,
130408A,28,Luminous moderately high-z GRB with bright afterglow.,08:57:37.30,-32:21:38.90,3.758,y,y, ,
130407A,25,"MAXI GRB, no clear afterglow identified.",16.32.23,+10:30:39,,n, , ,
130327B,62,"LAT detection, no afterglow.",14:31:30.63,-69:24:15.6,,y?, , ,
130327A,9,Faint afterglow.,06:08:09.29,+55:42:54.14,,y, , ,
130325A,09.07,"LAT detection, no afterglow",08:11:07.20,-18:53:59.99,, , , ,
130315A,233.04.00,Very long. Limited follow-up.,10:30:11.54,-51:47:39.8,,y,y, ,
130313A,00.26,Short GRB w/X-ray afterglow.,15:45:38.41,-00:22:08.3,,y, , ,
130310A,02.04,LAT detection. no afterglow localized.,09:29:21.59,-17:13:48.00,, , , ,
130307A,00.04,Fermi SHB,10.12,+18:16,, , , ,
130306A,,"Very long Swift burst (predated slew), no follow-up.",18:37:50.86,-11:40:53.1,,y, , ,
130305A,20,LAT burst. detected by Swift in ground analysis. No optical AG detected.,07:46:59.01,+52:01:57.5,,y, , ,
130228A,,Possible LAT detection,17.07.31,+0:00:00.00,, , , ,
130219A,96,IPN burst,20.14,+40:49,, , , ,
130216A,06.05,No X-ray or optical/NIR afterglow found. Possible early radio counterpart actually a field source.,04:31:36.2,+14:40:10.4,,n, , ,
130216B,03.07,Ground-analysis burst. No afterglow found.,03:55:27.9,+02:02:10,,n, , ,
130215A,65.07.00,Bright. low-redshift. Early millimeter observations. Slow-fading late light curve.,02:54:00.70,+13:23:43.4,0.414583333, ,y, ,1
130211A,25.01.00,"Early GROND observations, Galactic extinction.",09:50:08.736,-42:20:32.64,,y, , ,
130206A,128,Faint X-ray afterglow. Galactic plane.,09:21:30.41,-58:11:37.0,,y, , ,
130131B,04.03,Dark.,11:35:49.33,+15:02:17.5,2.539,y, , ,
130131A,51.06.00,Dark. reddened afterglow. Millimeter/radio detections.,11:24:30.39,+48:04:33.3,,y,y,y,
130122A,64,UVOT/optical detections,12:57:08.317,+59:00:53.62,,y,y, ,
130102A,77.05.00,Galactic plane,20:45:41.63,+49:49:03.5,,y, , ,
130102B,45,,20.38.20,-72:22:36,, , , ,
121229A,100,,12:40:24.29,-50:35:39.48,2.707,y,y, ,
121226A,1,Short GRB with afterglow. host.,11:14:34.12,-30:24:22.89,,y, ,y,
121225B,58.05.00,"LAT detection, no afterglow.",20.35.39,-34:21:18,, , , ,
121225A,33,"MAXI burst, no follow-up.",17.39.27,-66:04:16,, , , ,
121217A,778,Very long.,10:14:50.407,-62:21:03.53,3,y,y, ,2
121212A,06.08,Faint OT.,11:51:10.30,+78:02:14.3,,y,y, ,
121211A,182,Early observations. UV-to-IR detections.,13:02:07.99,+30:08:54.6,1.023,y,y, ,
121209A,20.01,Nonfading OT (dark. possible luminous host). No mm/radio detections.,21:47:08.92,-08:14:07.2,,y,y, ,
121202A,20.01,,17:07:11.21,+23:56:53.0,,y, , ,
121201A,85,,00:53:52.17,-42:56:34.4,3.385,y,y, ,
121128A,07.52,,20:02:24.01,+54:17:59.2,02.20,y,y, ,
121127A,00.25,IPN burst,11.45.45,-52:24:52,, , , ,
121125A,52.02.00,,15:14:06.54,+55:18:48.0,,y, , ,
121123A,317,Very long burst with slow-fading optical afterglow.,20:29:16.289,-11:51:35.87,,y,y, ,
121118A,,IPN burst,19.57.31,+65:39:16,, , , ,
121118B,50,IPN burst,11.26.49,-03:03:31,, , , ,
121117A,30,,02:06:26.58,+07:25:10.2,,y,y, ,
121108A,89,Possibly dark.,05:32:46.70,+54:28:24.4,,y, , ,
121102A,24.07.00,Swift/INTEGRAL burst. No ground follow-up.,18:03:36.24,-16:57:28.4,,y, , ,8
121031A,226,Double burst. No ground follow-up.,11:23:4.85,-03:31:01.3,,y, , ,
121029A,16,Fermi burst,15.07,#VALUE!,, , , ,
121028A,03.08,Faint burst. deep NIR limit.,18:07:35.87,-02:17:36.9,,y, , ,
121027A,62.06.00,Strong optical rebrightening at 1.5 days after burst.,04:14:23.44,-58:49:47.4,1.773,y,y, ,3
121025A,20,MAXI burst with XRT afterglow.,16:33:31.92,+27:40:15.1,,y, , ,
121024A,69,Well-observed Swift burst.,04:41:53.30,-12:17:26.5,2.298,y,y, ,3
121017A,04.02,No optical detection in early observations.,19:15:19.21,-01:36:16.1,,y, , ,
121014A,80,Swift burst near Sun. no followup.,11:06:34.7,-29:06:18.3,, , , ,
121012A,00.45,Fermi short burst,02.14,14.24,, , , ,
121011B,00.35,,12.11.14,+44:06:47,, , , ,
121011A,75.06.00,Swift burst with weak LAT detection. Moderately bright. long-lived optical afterglow.,17:20:51.22,+41:06:37.4,2?,y,y, ,1
121001A,147,GRB in plane.,18:24:07.84,-05:39:55.30,,y,y, ,
120927A,43,No optical detections in limited ground follow-up.,09:06:27.30,+00:24:58.3,,y, , ,
120923A,27.02.00,Probable high-redshift burst.,20:15:10.78,+06:13:16.3,8,y,y,n,1
120922A,173,Soft burst or XRF.,15:38:59.64,-20:10:54.2,03.01,y,y, ,
120921A,6,Fermi's 1000th burst.,06.26,#VALUE!,, , , ,
120919A,22.05,Fermi burst. no counterpart.,14:19:21.51,-45:33:40.5,, , , ,
120919B,140,IPN burst.,20.10.32,-37:29:25,, , , ,
120918A,25.01.00,"Swift burst near Sun, no followup.",12:04:10.1,-32:45:43.5,, , , ,
120916A,53,Fermi/LAT burst. No followup.,13:43:14.39,+36:39:35.99,, , , ,
120913B,126,Bright Swift burst with bright afterglow.,14:14:38.57,-14:30:55.8,, ,y, ,
120913A,30.01.00,Swift/Fermi burst near Sun. no followup.,09:45:36.1,+26:57:32.4,, , , ,
120911A,17.08,"Possibly dark, unconfirmed afterglow candidate.",23:51:55.02,+63:05:55.7,,y, , ,
120911B,69,IPN burst. No Fermi trigger but LAT detected.,11:28:07.20,-37:30:35.99,, , , ,
120909A,112,Very long.,18:22:56.72,-59:26:54.1,0.189583333,y,y, ,
120908A,66,MAXI/Fermi burst. Fermi trigger precedes MAXI by 4 min. No counterpart.,15.22.32,-25:47:42,,n, , ,
120907A,16.09,"Low-z, early optical followup and UVOT detections.",04:59:00.00,-09:18:54.0,0.673611111,y,y, ,
120821A,12,INTEGRAL burst in Galactic plane.,17:01:01.83,-40:30:49.1,, , , ,
120819A,71,Faint. unreddened afterglow.,15:43:37.84,-07:18:32.9,,y,y, ,
120817A,28.02.00,Optical counterpart not confirmed,16:42:45.92,-38:21:12.4,,y,y?, ,
120817B,00.19,IPN/Fermi/BAT-ground short burst. Deep early optical nondetection. No afterglow.,00:33:14.4,-26:25:42,, ,n, ,
120816B,00.08,Very intense IPN/Konus short-hard burst.,22.30,+00:00,, , , ,
120816A,07.06,,18:48:34.5,-06:56:16.4,,y,y, ,
120815A,09.07,Early observations. Spectrum with molecular lines.,18:15:49.82,-52:07:52.1,2.358,y,y, ,2
120811C,26.08.00,Swift/Fermi burst. Soft. well-observed.,13:18:43.81,+62:18:02.7,2.671,y,y, ,
120811A,166,Faint burst.,17:08:39.69,-22:42:39.5,,y, , ,
120811B,00.45,Fermi/IPN short-hard burst,02.54.38,-31:40:29,,y, , ,
120807A,20,Swift/Fermi(?) burst. No optical counterpart detected.,16:05:02.43,-47:28:46.8,,y, , ,
120805A,48,Faint optical counterpart in early observations. Possible bright hosts.,14:26:09.12,+05:49:31.7,,y,y, ,
120804A,08.22,Short GRB in apparent ULIRG.,15:35:47.49,-28:46:56.7,,y,y?,y?,2
120803B,37.05.00,FTN afterglow not confirmed. Galactic plane.,20:56:56.46,+53:18:14.4,,y,y?, ,
120803A,10,Weak burst. Faint X-ray afterglow.,17:58:02.97,-06:45:45.9,,y, , ,
120802A,50,Moderately high-z. Faint afterglow with no submm/radio detection.,02:59:22.35,+13:46:07.2,3.796,y,y?,n,
120729A,71.05.00,"Bright afterglow, early observations.",00:52:17.83,+49:56:23.1,0.055555556,y,y,n,1
120728A,22.06,Crowded Galactic field.,09:08:22.65,-54:26:15.1,,y,y, ,
120728B,105,Bright IPN+Fermi burst.,06.55.05,-45:53:36,, , , ,
120727A,,Possible very long LAT GRB or Galactic transient.,16:43:26.40,-45:58:11.99,, , , ,
120724A,72.08.00,,16:20:43.35,+03:30:27.8,01.48,y,y, ,
120722A,42.04.00,Bright host.,15:21:59.184,+13:15:04.68,6.656944444,y,y, ,
120716A,230,IPN burst with long prompt quiescent period. OT identified by PTF.,20:52:12.10,+09:35:53.7,02.48,y,y, ,
120714B,159,Low probable redshift.,23:41:38.1,-46:11:02,2.766666667,y,y, ,
120714A,16.02,,11:11:55.91,-30:37:37.8,,y, , ,
120712A,14.07,"DLA at z~4, still detected with UVOT.",11:18:21.23,-20:02:01.8,41.745,y,y, ,
120711B,60,Probably a Galactic source.,22:06:45.93,+60:01:21.6,,y, , ,
120711A,44,INTEGRAL/MAXI/Fermi/LAT burst with possible extended X-ray emission. Very bright OT. possible reverse shock.,06:18:42.839,-70:59:56.78,1.405,y,y, ,3
120709A,30,Fermi burst. LAT detection. No optical counterpart reported.,21:12:41.47,-49:58:22.7,, , , ,
120707A,50,Bright Fermi burst. no afterglow localization.,19.27.30,-32:46:12,, , , ,
120703A,25.02.00,Bright Swift/Fermi burst.,22:37:25.61,-29:43:23.7,,y,y, ,
120701A,13.08,Power-outage burst.,05:21:23.52,-58:32:58.3,,y,y, ,
120630A,00.06,Power-outage short burst.,23:29:10.75,+42:33:17.4,,y,y, ,
120626B,27,MAXI burst,11.43.04,+68:30:00,, , , ,
120624B,271,"Very bright. long Fermi burst with LAT detection and precursors. Obscured afterglow, luminous host.",11:23:32.31,+08:55:42.8,02.20,y, , ,2
120624A,00.07,"Fermi+Konus burst. Short, very hard",00.19.05,+00:19:05,, , , ,
120622A,39,MAXI burst,13.41.43,-01:42:36,, , , ,
120617A,00.05,Konus/IPN short burst,01.29.14,+33:48:14,, , , ,
120614A,45,MAXI burst,20.50.56,+65:09:53,, , , ,
120612A,90,No optical counterpart. Nearby star.,08:26:53.20,-17:34:29.1,,y, , ,
120603A,00.19,Konus/Suzaku short burst,13.15.11,+04:19:35,, , , ,
120602A,54,Bright Konus/Suzaku long burst,05.51.41,-39:21:16,, , , ,
120528C,30,MAXI burst,00.51.44,-00:57:18,, , , ,
120528B,30,MAXI/Konus burst,05.10.21,-37:47:50,, , , ,
120522,13,,11.03.59,-62:05:37,, , , ,
120521C,26.07.00,Dark. Several galaxies near X-ray position but might be high-z. Radio counterpart.,14:17:08.802,+42:08:41.22,6?,y,y,y,1
120521B,31.04.00,Fermi/Swift burst. No optical counterpart.,13:08:02.28,-52:45:16.7,,y, , ,
120521A,00.45,"Short burst. Fast-fading X-raty light curve, no optical counterpart.",09:54:53.94,-49:25:01.6,,y, , ,
120519,01.02,Hard IPN burst,11.53.28,+22:24:24,, , , ,
120514,164.04.00,"Galactic plane, no optical counterpart. Submillimeter detection.",18:52:00.19,-04:15:48.9,, , , ,
120512A,20,Off-axis INTEGRAL burst.,21:42:13.91,+13:38:09.59,, , , ,
120510A,27,MAXI burst. Possible X-ray counterpart is a star.,02:57:08.60,+72:51:00.8,,y?, , ,
120427A,5,IPN burst,14.59.44,+29:18:39,, , , ,
120426A,03.02,IPN burst,07.26.09,-65:37:53,, , , ,
120424A,,MAXI probable burst.,01:35:56.40,-29:52:44.0,, , , ,
120422A,05.35,Low-redshift GRB with bright associated SN. Extensive worldwide follow-up.,09:07:38.38,+14:01:07.5,0.196527778,y,y, ,4
120419A,20,INTEGRAL burst. X-ray afterglow not confirmed.,12:29:33.03,-63:00:28.5,,y?, , ,
120404A,38.07.00,"Early observations, multiwavelength followup. Rapid late-time fading.",15:40:02.28,+12:53:06.1,2.876,y,y,y,
120403B,07.03,Near south pole. No IR counterpart in ground follow-up at 12 hr.,03:41:06.31,-89:00:31.0,,y, , ,
120403A,01.25,Possibly short. Near Sun. no XRT.,02:49:49.8,+40:29:21.8,, , , ,
120402B,17.05,Bright. soft Fermi burst.,14.55,#VALUE!,, , , ,
120401A,100,Faint afterglow. possible g-dropout.,03:52:19.82,-17:38:08.5,04.05,y, , ,
120328B,30.05.00,"Fermi/Konus burst, off-axis LAT detection.",15.16.09,+25:17:58,, , , ,
120328A,24.02.00,"Faint burst, no optical detections.",16:06:27.33,-39:20:08.9,,y, , ,
120327A,62.09.00,Very bright at early times. Rich X-shooter spectrum w/molecular features.,16:27:27.46,-29:24:54.00,2.813,y,y, ,4
120326A,69.06.00,"Long optical plateau/rebrightening, still bright at 1-2 days.",18:15:37.07,+69:15:35.4,1.798,y,y,y,3
120324A,118,Bright burst. No OT found. Faint extended source in XRT error circle. Large Galactic reddening.,19:24:18.85,+24:07:46.5,,y, , ,
120323A,,Very bright Fermi short burst. No afterglow. Most intense GBM burst yet.,22.41.38,+29:43:03,, , , ,2
120320A,03.38,"Very faint Gemini source in X-ray error circle at early times. Optically dark, IR nondetections.",14:10:04.24,+08:41:47.8,,y,?, ,
120316A,27.05.00,Probable faint LAT detection.,03:51:52.79,-56:27:36.00,, , , ,
120312A,14.02,Faint burst with faint afterglow.,16:47:09.20,+23:51:28.9,,y,y, ,
120311B,28.02.00,No detection in early r/i observations.,17:14:14.90,-13:03:05.5,,y, , ,
120311A,03.05,,18:12:22.08,+14:17:45.9,,y,y, ,
120308A,60.06.00,,14:36:19.99,+79:41:12.0,,y,y, ,2
120305A,00.01,Short GRB with possible (unrelated?) QPO activity.,03:10:08.66,+28:29:31.0,,y, ,n,
120302A,35,Ground-analysis Swift burst. No early fading of likely afterglow.,08:09:35.58,+29:37:40.7,,y?,y?, ,
120229A,00.22,Short burst. no Swift follow-up.,01:20:07.9,-35:47:44.0,, , , ,
120227A,,RAPTOR simultaneous limit.,,,, , , ,
120226A,57,LAT detection probably due to nearby pulsar.,20.11.43,+48:39:55,, , , ,
120224A,08.13,Faint afterglow,02:43:46.15,-17:45:42.0,,y, , ,
120219A,90.05.00,Probable faint OT.,08:39:09.61,+51:01:55.5,,y,y, ,
120218A,27.05.00,"Sun constraint, no followup.",21:19:03.4,-25:27:45.4,, , , ,
120215A,26.05.00,No deep limits on optical afterglow.,02:00:11.45,+08:48:07.5,,y, , ,
120213A,48.09.00,No ground follow-up.,20:04:02.83,+65:24:40.3,,y, , ,
120212A,05.52,Ground/UVOT detections. no redshift.,02:52:24.05,-18:01:14.2,,y,y, ,
120211A,61.07.00,Dark but X-ray faint. No afterglow in early IR follow-up.,05:51:00.89,-24:46:30.7,,y, , ,
120202A,100,INTEGRAL burst. Very red afterglow?,13:34:00.86,+22:46:25.94,,y,?, ,
120129A,4,IPN burst.,02.01.46,+59:16:55,, , , ,
120127A,10,MAXI burst. No afterglow reported.,09.16.34,+15:52:51,, , , ,
120121A,26.01.00,Minimal ground followup.,16:37:25.06,-23:57:41.8,,y, , ,
120119A,253.08.00,Very long. bright Swift burst. Red afterglow. Numerous multicolor ground detections.,08:00:06.93,-09:04:53.7,1.728,y,y,n,1
120118B,23.26,Unconfirmed NIR detection (dark??). bright high-z host.,08:19:29.04,-07:11:05.3,2.943,y,y?, ,
120118A,60,INTEGRAL XRF near HMXB. optical counterpart.,13:01:22.72,-61:39:23.20,, , , ,
120116A,41,Dark burst (XRF). no detections in early imaging (unconfirmed faint possible conterpart). No EVLA detection.,01:04:57.85,+33:55:50.5,,y, , ,
120107A,23,"Fermi burst with possible LAT emission, no afterglow found.",,,, , , ,1
120106A,61.06.00,No ground detections.,04:24:25.81,+64:02:18.1,,y, , ,
120102A,38.07.00,"Swift+Fermi burst, UVOT afterglow but no ground followup.",18:24:53.89,+24:42:47.1,,y,y, ,
111229A,25.04.00,Far south.,05:05:08.86,-84:42:39.1,13.805,y,y, ,
111228A,101.02.00,Fermi/Swift burst. Soft spectrum. moderately low redshift. extensive optical followup. SDSS/UVOT host.,10:00:16.01,+18:17:51.8,0.497222222,y,y, ,3
111225A,106.08.00,Many early detections. Fast-fading late-time afterglow.,00:52:37.22,+51:34:19.5,0.20625,y,y, ,
111222A,1,IPN short burst with XRT afterglow.,11:56:52.76,+69:04:13.4,,y, , ,
111215B,,IPN burst. probable XRT afterglow.,14:49:36.25,+16:27:14.3,,y, , ,
111215A,796,Ultra-long with possible MAXI precursor emission. Very dark. Bright radio/mm afterglow.,23:18:13.310,+32:29:39.18,,y, ,y,1
111212A,60,Little ground follow-up.,20:41:43.58,-68:36:44.9,,y, , ,
111211A,15,Agile GRB with afterglow.,10:12:21.7,+11:12:30,0.331944444,y,y, ,
111210A,02.52,Intermediate-duration. SDSS host?,12:45:54.41,-07:09:57.9,,y, , ,
111209A,1400,Ultra-long. Bright flaring optical X-ray afterglow.,00:57:22.78,-46:48:04.2,0.470138889,y,y,y,7
111208A,20,Ground-analysis burst. Fast-fading XRT light curve.,19:20:53.84,+40:40:34.2,,y, , ,
111207A,3,Found in BAT ground analysis. no followup noted.,06:11:41.7,-39:30:16,, , , ,
111205A,85,Very bright IPN burst.,08:58:43.26,-31:56:37.0,,y, , ,
111204A,48,Dark burst. No excess N_H.,22:26:30.77,-31:22:28.6,,y, , ,
111201A,20,GRB with X-ray afterglow found in ground analysis,12:41:54.66,+32:59:12.8,,y, , ,
111129A,07.06,,20:29:44.15,-52:42:46.5,,y,y, ,
111126A,00.08,Swift short burst found in ground analysis.,18:24:13.6,+51:27:38,, , , ,
111123A,290,Very long. Faint afterglow (possibly dark?). bright high-z host galaxy.,10:19:23.14,-20:38:41.0,31.516,y,y, ,
111121A,119,Short burst with extended emission. Nearby bright star.,10:19:02.73,-46:40:14.8,,y, , ,
111117A,00.47,Bright short burst with Chandra and optical detections.,00:50:46.257,+23:00:40.01,,y,y,n,4
111111A,,Extremely soft.,01.59.40,-74:06:50,, , , ,
111107A,26.06.00,Submm and radio limits.,08:37:54.66,-66:31:12.3,2.893,y,y, ,
111103B,167,Galactic plane,17:42:46.40,+01:36:36.0,,y,?, ,
111103A,11.06,No slew or follow-up.,21:48:26.7,-10:31:54.3,, , , ,
111029A,07.06,"Extensive ground followup with no detection, Galactic plane.",02:59:08.17,+57:06:38.6,,y, , ,
111026A,0.168055556,"Intermediate duration, sun-constrained. Galactic plane.",16:17:01.5,-47:26:05.1,, , , ,
111024A,,MAXI burst. no follow-up.,14.48.42,+25:50:40,, , , ,
111022B,79.01.00,Red afterglow. minimal excess N_H (high-z?),07:15:51.53,+49:41:01.18,,y,y,?,
111022A,24.07.00,Limited follow-up. no optical detection.,18:23:27.55,-23:40:23.7,,y, , ,
111020A,00.04,Short burst. Chandra observation. No transient optical/radio emission.,19:08:12.502,-38:00:42.58,,y, , ,1
111018A,36,Galactic plane.,18:05:57.24,-03:54:25.8,,y, , ,
111017A,11,Fermi event. no afterglow observations.,00.32.24,-07:36:00,, , , ,
111016B,150,Bright IPN burst,19.22.00,-04:34:39,, , , ,
111016A,550,Very long. Blue afterglow?,10:15:20.17,+27:27:43.9,,y,y, ,
111008A,63.46.00,High redshift.,04:01:48.24,-32:42:33.4,49.898,y,y,y,2
111005A,26,Probably very low redshift. but minimal followup (except radio) due to Sun proximity.,14:53:07.78,-19:44:12.2,0.01326?, , ,y,1
110928A,26.07.00,No afterglow detection in early opt/IR observations (dark),17:10:55.82,+36:32:09.3,, , , ,
110924A,,noise - not a real burst.,,,, , , ,
110921A,48,Faint afterglow seen only in first few minutes.,19:36:23.478,+36:19:43.38,,y,y?, ,
110918A,22,Ultra-bright. ultra-energetic IPN burst. extensive afterglow follow-up. Brightest-ever Konus burst.,02:10:09.39,-27:06:19.6,0.681944444,y,y, ,4
110915B,18,Agile GRB with XRT/optical counterpart.,05:10:13.14,+01:55:59.1,,y, , ,
110915A,78.76,No afterglow detection in any early. deep observations. Extremely dark.,20:43:17.88,-00:43:23.2,,y, , ,
110906A,94,Possible BAT slew burst. not confirmed.,19:47:33.9,-26:12:32,, , , ,
110905A,1560,MAXI transient detected by Swift.,18:35:43.44,-19:19:10.5,, , , ,
110903A,339.09.00,"Very long INTEGRAL(+Fermi. others) burst, unconfirmed XRT afterglow.",13:08:15.72,+58:58:54.1,,y, , ,
110827A,08.05,Swift burst (near Sun. no follow-up),10:56:14.2,+53:49:01.2,, , , ,
110825A,62.05.00,IPN/Fermi burst. followed by Swift and ground. Optical/X-ray transient in error box but not afterglow-like.,02:59:11.76,+15:25:40.9,, , , ,
110820B,200,Extremely bright IPN burst.,10.30.20,-54:56:16,, , , ,
110820A,256,"Faint burst, dark in early observations.",22:52:46.08,+70:17:55.3,,y, , ,
110818A,103,X-shooter spectrum. no other follow-up.,21:09:21.046,-63:58:52.3,03.36,y,y, ,
110815A,13,Bright IPN burst.,05:41:11.2,32.26.31,, , , ,
110812A,30,"Agile burst, no follow-up.",23:53:38.15,+72:12:23.32,, , , ,
110808B,00.05,Bright IPN short burst.,17:44:43.4,-37:44:47,, , , ,
110808A,48,Bright emission lines.,03:49:04.28,-44:11:40.3,1.348,y,y, ,
110807A,00.03,Probably flaring from a new SGR.,18:34:52.20,-08:45:57.5,, , , ,
110802A,00.06,Short/hard IPN burst.,02:58:09.62,+32:34:43.8,, , , ,
110801A,385,Very long. Far north. Early optical detections.,05:57:44.93,+80:57:21.2,1.858,y,y, ,
110731A,38.08.00,Swift burst with LAT detection.,18:42:00.99,-28:32:13.8,0.140972222,y,y, ,7
110726A,05.02,Faint. soft burst. Fast early decay.,19:06:52.06,+56:04:16.6,1.036?,y,y, ,
110721A,24.45.00,Fermi burst. LAT detection. Afterglow candidate likely not related.,22:13:35.99,-39:00:00.00,, , , ,4
110719A,41,No deep optical limits.,01:38:19.40,+34:35:11.0,,y, , ,
110715A,13,Bright low-z Swift burst. Submm and radio detections.,15:50:44.09,-46:14:06.53,0.056944444,y,y,y,4
110709B,846,Bright burst with 2 episodes separated by 11 minutes. No optical detection to deep limits. bright radio afterglow (dark).,10:58:37.02,-23:27:17.2,,y, ,y,8
110709A,44.07.00,Bright GRB. no optical/radio detections.,15:55:33.96,+40:55:27.3,,y, , ,1
110708B,60,,11.21.32,-50:34:09,, , , ,
110708A,50,Crowded field. Faint X-ray / optical afterglow not confirmed.,22:40:27.29,+53:57:45.3,,y, , ,
110705A,00.02,Fermi/IPN burst.,10.42,+24:00,, , , ,
110625A,44.05.00,"Very bright, LAT-detected. Galactic plane.",19:06:55.56,+06:45:16.2,,y, , ,2
110618A,,Very bright IPN burst.,01.47.14,-71:41:16,, , , ,
110610A,46.04.00,Limited optical follow-up.,20:32:42.67,+74:49:30.0,,y, , ,
110604A,27,IPN burst. followed by Swift.,18:03:26.12,+18:23:58.6,,y, , ,
110530A,19.06,Faint OT.,18:48:16.40,+61:55:44.9,,y,y, ,1
110529A,00.41,Fermi short burst with possible LAT emission.,07.53,+67:54,, , , ,
110521A,13.08,Faint burst. no optical detection to deep limits.,08:00:31.89,+45:49:37.1,,y, , ,
110520A,15.07,No optical detections (probably dark),08:57:21.78,+56:25:38.5,,y,y, ,
110519A,27.02.00,Swift burst near Galactic center. no slew.,17:26:33.0,-23:25:32.2,, , , ,
110518A,35,Konus/IPN burst.,04.28.43,-34:11:43,, , , ,
110503A,10,Bright. well-observed GRB.,08:51:06.26,+52:12:27.1,1.613,y,y,y,1
110428A,,LAT-detected burst in Galactic plane.,00:22:22.22,+64:50:57.1,,y, , ,
110426A,328,Long Fermi+MAXI burst. No afterglow detection.,14.40,#VALUE!,, , , ,
110422,25.09.00,Bright burst.,07:28:11.06,+75:06:25.00,1.770, , , ,
110420B,00.08,Short burst. No afterglow identified.,21:20:10.9,-41:16:38.0,, , , ,
110420A,11.08,"Soft burst, limited ground follow-up.",00:08:39.27,-37:53:11.9,,y,y, ,
110414A,152,,06:31:29.37,+24:21:45.9,,y, , ,
110412A,23.04,"Near moon, no Swift slew.",08:53:57.9,+13:29:15.4,, , , ,
110411A,80.03.00,Soft burst. OT unconfirmed. Large X-ray column.,19:25:45.65,+67:42:39.1,,y, , ,
110407A,145,Faint optical counterpart.,12:24:07.534,+15:42:46.63,,y,y, ,
110406A,8,Very bright INTEGRAL/IPN short/intermediate burst. SGR flare from NGC 404?,01:09:21.59,+35:48:32.39,, , , ,
110402A,60.09.00,Possibly a short burst with extended emission? Bright host candidate.,13:09:36.64,+61:15:09.7,,y,y, ,
110328A,,Erratic nonfading X-ray light curve. Coincident with nucleus of faint. low-redshift host: tidal-disruption event?,16:44:49.9313,+57:34:59.6895,0.245833333, , , ,10
110328B,120,"Bright Fermi GRB with LAT detection, no afterglow.",07.50.24,43.12.00,, , , ,
110319B,14.05,Fermi burst found in BAT ground analysis,21:44:22.91,-56:46:56.5,,y, , ,
110319A,04.56,Faint UVOT AG. no ground follow-up.,23:46:00.69,-66:00:40.4,,y,y, ,
110315A,77,Early deep limit. but significant foreground extinction.,18:36:46.87,+17:32:20.4,,y, , ,
110312A,28.07.00,No OT detected to moderately deep/early limits.,10:29:55.45,-05:15:45.0,,y, , ,
110305A,12,Faint afterglow at all wavelengths in crowded field.,17:23:31.3,-15:48:08.8,,y,y, ,
110301A,5,Fermi burst.,15.17.24,29.24.00,, , , ,
110223B,54,Crowded field.,10:00:55.98,-68:18:06.0,,y,y, ,
110223A,7,"Faint X-ray afterglow, no OT.",23:03:22.82,+87:33:27.8,,y, , ,
110213B,,MAXI GRB with X-ray/optical afterglow and redshift.,02:47:01.41,+01:08:46.3,1.083,y,y, ,
110213A,48,"Bright. long-lived afterglow, extensive early optical follow-up. Possible XRT jet break.",02:51:51.43,+49:16:23.3,01.46,y,y, ,
110212A,03.03,"Soft spectrum. No OT in rapid observations, no early Swift slew.",04:36:06.0,+43:42:56.2,, , , ,
110210A,233,Shallow optical follow-up.,00:52:13.61,+07:46:47.3,,y, , ,
110208A,37.04.00,"Faint afterglow, little follow-up.",01:29:50.86,-20:35:33.5,,y,y, ,
110207A,80.03.00,No rapid XRT observations. no afterglow detected.,00:50:09.5,-10:47:23.8,,n, , ,
110206A,20,INTEGRAL burst.,06:09:20.19,-58:48:25.2,,y,y, ,
110205A,257,Very bright and luminous afterglow with huge flare.,10:58:31.12,+67:31:31.2,02.22,y,y,y,5
110201A,13,Extremely far north.,09:10:16.28,+88:36:23.1,,y, , ,
110128A,30.07.00,Faint but well-observed optical counterpart.,12:55:35.11,+28:03:55.6,2.339,y,y, ,
110123A,17.09,Bright Fermi GRB.,17.40,+28:02,, , , ,
110120A,27,Bright Fermi burst with LAT detection.,04.06.24,-12:00:00,, , , ,
110119A,208,UV/IR detections.,23:14:20.61,+05:59:10.5,,y,y, ,
110112B,00.26,Short INTEGRAL+Fermi burst. No afterglow found.,00:42:23.76,+64:24:21.60,, , ,n,
110112A,00.05,Short burst. Possible OT (+host). not confirmed.,21:59:43.75,+26:27:24.1,,y,y,n,
110107A,100,"Fermi burst, detected by but did not trigger Swift.",19:59:38.24,+41:54:52.2,, , , ,
110106B,24.08.00,Very faint i-band afterglow in early observations.,08:56:37.267,+47:00:10.49,0.618?,y,y,n,
110106A,04.03,"Deep limits on an optical/IR afterglow, also X-ray faint. Nearby low-z galaxy.",05:17:13.50,+64:10:25.0,,y, , ,
110102A,264,Bright burst.,16:23:31.41,+07:36:49.8,,y,y, ,
101225A,1088,Extremely long. soft burst with blue long-lasting OT.,00:00:47.5,+44:36:02.4,0.588194444,y,y, ,8
101224A,00.02,Short burst or possible Galactic transient.,19:03:41.91,+45:42:48.5,,y, ,n,
101219B,34,Low-redshift burst with bright host and SN?,00:48:55.35,-34:33:59.5,3.832638889,y,y,y?,2
101219A,00.06,New short burst. Deep early afterglow limits.,04:58:20.43,-02:32:23.0,0.498611111,y, , ,
101213A,135,"Very large X-ray N_H column, probable low redshift.",16:05:15.29,+21:53:49.1,,y, , ,
101204A,10,Ground-detected. Bright optical afterglow.,11:10:08.84,-20:25:12.5,,y,y, ,
101201A,79,Ground-detected BAT burst. Bright optical afterglow.,00:07:52.19,-16:11:05.42,,y,y, ,
101130A,6,,04:07:12.73,-16:45:33.09,, , , ,
101129A,00.35,"Subthreshold BAT short burst, no afterglow, Konus/Suzaku detections",10.23.41,-17:38:42,, , , ,
101123A,105,Bright Fermi burst with IPN triangulation.,08.45.32,+05:33:47,, , , ,
101117B,05.02,UVOT detection. no other early followup.,11:32:00.54,-72:39:45.9,,y,y, ,
101117A,32,MAXI XRF. No optical detection at 22 hours.,05.58.31,-02:17:59,, , , ,
101114A,10,"Detected in ground analysis, no early followup.",20:12:50.68,+14:01:57.6,,y, , ,
101112A,10,INTEGRAL burst with GBM detection. possible radio afterglow.,19:28:54.87,+39:21:11.1,,y,y,y?,
101030A,92,Unconfirmed GROND afterglow.,11:05:31.65,-16:22:41.8,,y,y, ,
101024A,18.07,Soft. southern Swift+Fermi burst. Faint afterglow.,04:26:01.73,-77:15:55.9,,y,y, ,1
101023A,80.08.00,Swift+Fermi detections. Red afterglow. Nearby bright star.,21:11:51.34,-65:23:16.9,,y,y, ,4
101020A,175,"Swift burst, no slew.",12:38:25.8,+23:07:44.1,, , , ,1
101017A,70,Faint afterglow detected by UVOT only.,19:25:32.50,-35:08:42.4,,y, , ,
101014A,450,"Fermi burst with LAT detection, no localization or afterglow followup.",01.47,-51:00,, , , ,
101011A,71.05.00,Swift+Fermi. Marginal UVOT afterglow detection,03:13:10.77,-65:58:54.0,,y,y, ,
101008A,104,Swift+Fermi. Faint optical afterglow. Low Galactic latitude.,21:55:30.05,+37:04:01.8,,y,y, ,
100928A,03.03,"Near Sun, no slew or follow-up.",14:52:09.0,-28:32:32.5,, , , ,
100925A,,Burst from Galactic X-ray binary.,16:59:01.68,-15:15:28.4,, , , ,1
100924A,96,Limited followup due to nearby Moon.,00:02:42.26,+07:00:02.8,,y,y, ,
100917A,66,"Faint burst, Moon constrained. minimal followup.",19:17:00.1,-17:07:12.1,, , , ,
100916A,20,,10.08,#VALUE!,, , , ,
100915B,07.08,"INTEGRAL+Fermi burst, no afterglow",05:41:34.65,+25:05:41.63,,n, , ,
100915A,200,Weak burst. No OT in early observations.,21:02:46.66,+65:40:22.9,,y, , ,
100910A,14.06,,15.52.24,#VALUE!,, , , ,
100909A,,INTEGRAL burst with faint afterglow.,04:55:47.71,+54:39:28.3,,y,y, ,
100906A,114.04.00,"Bright multicolor afterglow, also detected by Fermi.",01:54:44.11,+55:37:49.6,1.727,y,y, ,2
100905A,03.04,"IR afterglow detections only, possible dropout?",02:06:12.06,+14:55:45.5,,y, , ,1
100904A,31.03.00,No Swift repointing.,11.31.41,-16:12:31,, , , ,
100902A,428.08.00,"Afterglow detected in IR only, high-redshift candidate from XRT/BAT obs.",03:14:30.96,+30:58:44.8,,y,y, ,1
100901A,439,"Very long burst, dramatic optical rebrightening, bright and sustained late-time afterglow.",01:49:03.42,+22:45:30.8,1.408,y,y, ,4
100823A,16.09,Faint afterglow?,01:22:48.97,+05:50:03.4,,y, , ,
100816A,02.09,Short? Intermediate? UVOT afterglow.,23:26:57.56,+26:34:42.9,0.558333333,y,y, ,2
100814A,174.05.00,Prominent optical rebrightening/plateau.,01:29:53.61,-17:59:43.6,01.44,y,y,y,5
100807A,07.09,,03:41:12.14,+67:40:17.5,,y, , ,
100805A,15,,19:59:30.52,+52:37:40.3,,y,y, ,
100802A,487,Possible weak. very fast-fading UVOT afterglow not seen in subsequent ground followup.,00:09:52.47:,+47:45:19.1,,y,y, ,
100728B,12.01,Early afterglow detections.,02:56:13.48,+00:16:51.8,2.106,y,y, ,
100728A,198.05.00,"Very bright Swift burst, many X-ray flares. Faint IR-only afterglow (dust-reddened).",05:55:02.01,-15:15:20.4,1.567,y,y, ,4
100727A,,,10:16:42.68,-21:23:25.9,,y, , ,
100725B,200,Early optical limits.,19:20:08.26,+76:57:23.1,,y, , ,
100725A,141,,11:05:55.58,-26:40:12.6,,y, , ,
100724A,01.04,Short/intermediate?,12:58:10.4,-11:06:09,1.288,y,y, ,
100724B,111.06.00,Extremely bright. Fermi-LAT and Agile detections. Cutoff prompt spectrum?,08:00:09.6,76.44.24,, , , ,4
100719A,36,,07:29:16.6,-05:51:24.4,, , , ,
100713A,20,,17:00:48.32,+28:23:39.6,,y, , ,
100707,82,LAT-detected.,23.52.05,-08:39:29,, , , ,
100704A,197.05.00,Limited follow-up. z~4 from Swift XRT?,08:54:33.98,-24:12:10.0,,y, , ,
100702A,00.16,Short burst. near star.,16:22:47.26,-56:31:53.8,,y, , ,
100701B,,,02.52.26,-02:13:25,, , , ,
100701A,30,,12.35.26,-34:15:39,, , , ,
100628A,00.04,"Short burst. X-ray afterglow not confirmed, red galaxy in error circle.",15:03:53.54,-31:39:50.4,, , , ,1
100625A,00.33,Short burst. Faint galaxy in error circle.,01:03:10.98,-39:05:18.3,,y, , ,
100621A,63.06.00,Extremely dusty. bright. low-redshift burst. Large optical flare. Bright host.,21:01:13.08,-51:06:22.5,0.376388889,y,y, ,3
100619A,97.05.00,"Giant X-ray flare. Near sun, no ground follow-up.",05:38:29.61,-27:00:22.0,,y, , ,
100616A,28,MAXI XRF,03:28:52.79,-41:08:42.00,, , , ,
100615A,39,Early. deep NIR limit (dark). Likely very dust-extinguished.,11:48:49.31,-19:28:51.8,1.398,y, , ,3
100614A,225,NIR-dark. Probably dust-extinguished.,17:33:59.91,+49:14:04.1,,y, , ,2
100606A,480,"Southerly, deep optical limits (dark).",23:22:30.49,-66:14:29.1,,y, , ,
100528A,24.06.00,SuperAGILE burst with bright afterglow.,20:44:33.92,+27:48:23.8,,y,y, ,
100526B,64,Very faint burst.,00:02:56.60,-37:54:49.2,,y, , ,
100526A,102,Extremely reddened afterglow.,15:23:04.48,+25:37:55.23,,y,y, ,
100522A,35.03.00,,00:27:56.79,+09:24:05.9,,y, , ,
100518A,30,INTEGRAL burst with afterglow.,20:19:09.38,-24:33:15.9,04.00,y,y, ,
100514A,26.02.00,Faint afterglow.,21:55:17.46,+29:09:36.13,,y, , ,
100513A,84,Moderately high redshift.,11:18:26.71,+03:37:40.4,4.772,y,y, ,
100511A,38,Fermi burst. (Non-astrophysical Swift trigger occurred same day.),07.17.12,#VALUE!,, , , ,
100510A,31,MAXI/GBM burst,23.40,#VALUE!,, , , ,
100508A,52,Nearby galaxy.,05:04:58.99,-20:42:41.1,,y,y, ,
100504A,97.03.00,No detected afterglow (possibly dark),17:02:17.13,-35:35:14.7,,y, , ,
100503A,129.05.00,,09.50,04.00,, , , ,
100427A,24,"Ground-detected, no afterglow found.",05:56:41.1,-03:27:40,, , , ,
100425A,37,Typical burst. X-shooter spectrum.,19:56:47.18,-26:25:50.6,1.755,y,y, ,
100424A,104,Very dark. Extremely fast-fading X-ray afterglow.,13:57:47.43,+01:32:18.9,2.465,y,y,n,
100423B,21.06,,07.58,+05:46,, , , ,
100423C,,Trigger 420256. Probably not astrophysical.,18.07.22,+27:10:18,, , , ,
100423A,100,Precursor. Early follow-up from GROND and PROMPT.,09:05:50.22,+21:29:54.3,, ,y, ,
100420A,48,Faint IR-only afterglow.,19:44:30.57,+55:46:10.0,,y, , ,
100418A,7,Relatively low redshift. SDSS host. Long optical plateau followed by sharp break.,17:05:27.09,+11:27:42.3,4.329861111,y,y,y,8
100415A,,MAXI GRB.,00.30.48,-16:27:36,, , , ,
100414A,26.04.00,LAT-detected.,12:48:26.96,+08:41:34.91,1.368,y,y,y,2
100413A,191,Probable dark burst. Radio detection. Suggestion of high-z from XRT,17:44:53.16,+15:50:03.2,,y,n,n,
100413B,,Very faint. no early followup.,23:47:18.3,+51:16:13.4,,n, , ,
100401A,,Swift (ground)+Fermi burst. possibly short with extended emission.,19:23:15.5,-08:15:25,,n, , ,
100331B,30,"Agile burst, no high-energy detection. Afterglow not confirmed.",20:12:05.17,-11:06:30.0,,?,n, ,
100331A,15,"INTEGRAL burst, probable galactic transient.",17:24:18.61,-58:56:52.0,, ,?, ,
100325A,08.03,LAT detection.,22:00:57.60,-26:28:11.99,, , , ,
100324B,15,Bright IPN burst.,02:38:41.27,-19:17:13.19,, , , ,
100324A,6,Very faint. detected in ground analysis.,06:34:26.8,-09:44:6.4,, ,n, ,
100322B,01.05,Very faint. detected in ground analysis. Galactic plane.,05:05:57.4,+42:41:07,, , , ,
100322A,37,,23.20,#VALUE!,, , , ,
100319A,00.01,Flare from new SGR.,18:33:44.45,-08:31:07.7,, , , ,
100316D,240,"Extremely long/soft. Very low redshift, supernova counterpart (SN 2010bh).",07:10:30.34,-56:15:16.7,0.059,y,y, ,13
100316C,09.03,,02:09:08.78,-67:59:27.5,,y, , ,
100316B,03.08,,10:53:57.15,-45:28:21.6,1.180,y,y, ,
100316A,7,,16:47:54.65,+71:49:36.3,3.155,y,y, ,2
100315A,,MAXI XRF.,04.59.48,-06:37:48,, , , ,
100305A,69.07.00,"Deep early photometry, no clear afterglow (dark) but faint OT/host candidate.",11:13:28.07,+42:24:14.3,,y, , ,
100302A,17.09,Image trigger. High redshift.,13:02:03.70,+74:35:24.5,4.813,y,y, ,
100225A,13,Weak LAT detection.,20:41:12.00,-59:23:59.99,, , , ,
100219A,18.08,High redshift burst with nearby low-z galaxy.,10:16:48.46,-12:34:00.2,46.667,y,y, ,3
100218A,30.08.00,,13.46,#VALUE!,, , , ,
100216A,00.03,Short burst. low-z galaxy in BAT error circle.,10:17:03.2,+35:31:27.5,, , , ,
100213B,48,Dark?,08:17:07.74,+43:26:51.8,,y,y, ,
100213A,02.04,Short/intermediate duration.,23:17:33.95,+43:22:44.3,,y, , ,
100212A,136,Strong early X-ray flaring.,23:45:40.35,+49:29:39.8,,y,y, ,
100206A,00.12,Short GRB positionally near z=0.41 ULIRG.,03:08:38.94,13:09:25.5,,y, , ,2
100205B,13.06,,08.55,23.00,, , , ,
100205A,26,Extremely dark burst. Red afterglow in IR only.,09:25:33.02,+31:44:25.0,,y,y, ,1
100203A,,Faint ground-triggered burst in Galactic plane,06.24.54,+04:47:33,, , , ,
100131A,06.02,,08.02,16.29,, , , ,
100130B,90,,05.10,+20:21,, , , ,
100130A,106,,01.19,#VALUE!,, , , ,
100122A,06.06,,05.16.48,-02:42:00,, , , ,
100119A,23.08,No follow-up.,19:57:14.0,-53:08:56.7,, , , ,
100117A,00.03,Short burst. Afterglow near faint archival object.,00:45:04.63,-01:35:44.7,,y,y, ,1
100116A,110,"LAT-detected, no afterglow observations. Two widely separated peaks.",20:20:04.8,14.27.00,, , , ,1
100115A,,Ground-detected Swift burst. Possible bright host.,00:13:28.05,-00:49:32.4,,y,y, ,
100111A,12.09,UV detection. Limited ground follow-up.,16:28:11.60,+15:33:02.3,,y,y, ,
100103A,50,Possibly dark INTEGRAL burst.,07:29:29.46,-34:29:24.9,,y, , ,
91230,120,INTEGRAL burst.,08:51:39.18,-53:53:52.7,,y,y, ,
91221,68.05.00,,03:43:11.47,+23:14:28.9,,y,y, ,
091208B,14.09,Bright optical afterglow.,01:57:34.09,+16:53:22.82,10.633,y,y, ,1
091208A,29.01.00,Galactic plane. No X-ray afterglow.,00:01:10.9,+65:40:47.7,,n,n, ,
91202,50,INTEGRAL burst. No early-time detections. Possible late-time afterglow.,09:15:19.75,+62:32:59.0,,y, , ,
091130B,112.05.00,Near Sun. SDSS galaxy near position.,13:32:35.54,+34:05:19.6,,y, , ,
91128,97,,08.30,01.42,, , , ,
091127,07.01,Bright. soft low-redshift burst. Luminous supernova.,02:26:19.89,-18:57:08.5,0.340277778,y,y,n,7
091126B,00.03,,03.10,+31:30,, , , ,
91126,00.03,,05.33,#VALUE!,, , , ,
91123,650,Extremely long.,19.48,#VALUE!,, , , ,
91120,52,Fermi/IPN/MAXI burst.,14.59,#VALUE!,, , , ,
91117,00.43,Suzaku/IPN/Swift short burst. Unassociated spiral/AGN in error circle.,02:03:53.36,-16:58:29.1,,n,n,n,
91112,17,Swift/Fermi burst near Galactic bulge. No follow-up.,17:11:00.2,-36:43:43.4,, , , ,
91111,100,Faint INTEGRAL burst. Low Galactic latitude.,09:11:17.59,-45:55:31.0,,y, , ,
091109B,00.19,Short burst with faint afterglow.,07:30:56.61,-54:05:22.85,,y,y, ,
091109A,48,Faint. fast-fading afterglow.,20:37:01.81,-44:09:29.6,3.076,y,y, ,
91104,99.03.00,Faint burst. very faint X-ray afterglow.,13:55:01.50,+47:24:37.9,,y, , ,
91102,06.06,Southern burst. intrinsically faint. Possible OT not verified.,04:50:27.87,-72:31:10.9,,y, , ,
91031,,Hard Fermi burst. Faint LAT detection.,04:46:48.00,-57:30:00.00,, , , ,
91030,,,17.40.12,+21:32,, , , ,
91029,39.02.00,Slow early afterglow decay.,04:00:42.58,-55:57:20.0,2.752,y,y, ,1
91026,41.06.00,Near south pole. No optical afterglow detected.,18:26:17.74,-86:06:41.0,,y,n, ,
91024,1200,"Extremely long (20 min), late peaks missed by BAT. Low galactic latitude. Bright. well-observed afterglow.",22:36:59.7,+56:53:23.4,1.092,y,y, ,4
91020,34.06.00,Bright. probably reddened afterglow.,11:42:55.18,+50:58:41.9,0.090972222,y,y,y,
091018,04.04,Swift XRF. Extensive ground-based observations. X-shooter spectrum.,02:08:44.61,-57:32:53.8,0.674305556,y,y, ,4
91015,100,Faint. soft INTEGRAL burst.,20:24:31.19,-6:10:11.99,, , , ,
91010,10,Agile burst. No optical counterpart. Low-z host?,19:54:39.72,-22:31:05.7,,y, , ,
91003,21.01,LAT-detected Fermi burst. SDSS host?,16:46:04.687,+36:37:30.76,6.228472222,y,y, ,
090929B,360,"Very long. RAPTOR detection, no further optical detections.",07:50:52.82,-00:39:27.3,,y,y, ,
090929A,08.05,Swift-detected Fermi burst.,03:45:57.9,"-05:57:50""",,n, , ,
90927,02.02,Short/intermediate burst at z=1.37. Hostless?,22:55:53.41,-70:58:49.3,01.37,y,y, ,
090926B,81,MAXI detection. Faint afterglow. blended with underlying host.,03:05:13.94,-39:00:22.2,01.24,y,y, ,1
090926A,,LAT detection. Bright. sustained late-time optical afterglow. X-shooter redshift.,23:33:36.037,-66:19:26.64,21.062,y,y, ,12
90925,50,,22.13,+14:18,, , , ,
090922A,92,,01.08,+74:18,, , , ,
90916,63.04.00,Short burst with extended emission. No detected afterglow.,08:26:19.6,+25:56:27.3,, , , ,
90915,8,Ground detection,15:52:04.84,15:29:15.8,,y,y, ,
90912,144,No afterglow. little follow-up.,12:32:10.35,+61:29:03.9,,y, , ,
90910,62,,19.44,+72:18,, , , ,
090904B,47,"Bright Swift/Fermi burst, Galactic plane",17:36:44.56,-25:12:46.1,,y,y, ,
090904A,122,Faint afterglow.,06:43:32.32,+50:12:11.4,,y,y, ,
090902B,21,Extremely bright Fermi burst with LAT detection of separate high-energy spectral component.,17:39:45.35,+27:19:27.1,1.822,y,y,y,11
090902A,01.02,,19.24,53.06.00,, , , ,
090831C,03.03,Faint burst,07:13:10.66,-25:07:07.7,,y, , ,
090831B,,Probably not a GRB.,00.14.29,+27:58:12,, , , ,
090831A,69.01.00,,09.41.36,+51:24:00,, , , ,
090829B,100,,23.40,#VALUE!,, , , ,
90829,85,Bright Fermi burst,21.57,+34:11,, , , ,
90828,100,,08.18,#VALUE!,, , , ,
90827,7,"Ground-identified, no follow-up.",01:13:48.36,-50:53:46.9,,y, , ,
90826,08.05,,09.22,-00:06,, , , ,
90823,,Swift+IPN burst. Afterglow unconfirmed.,08:34:43.02,+60:39:02.0,,y, , ,
090820B,11.02,,21.13,#VALUE!,, , , ,
090820A,30,Bright Fermi burst.,05.51,+27:00,, , , ,1
90817,220,"INTEGRAL burst, afterglow coincident with Galactic star (no host/SN).",04:15:51.78,+44:07:43.4,,y, , ,
090815C,00.06,"Subthreshold Swift short burst, no slew.",04:17:57.6,-65:56:33.5,, , , ,
090815B,30,,01.26,+53:24,, , , ,
090815A,,,02.47,-02:00,, , , ,
090814C,00.25,,22.10,+58:54,, , , ,
090814B,50,INTEGRAL burst.,04:19:01.55,+60:35:28.9,,y, , ,
090814A,80,Relatively faint afterglow.,15:58:26.35,+25:37:52.4,0.696?,y,y, ,
90813,8,North pole burst.,15:03:08.48,+88:34:05.5,,y,y, ,
90812,66.07.00,Bright burst.,23:32:48.55,-10:36:17.0,2.452,y,y,n,1
090809B,15,,06.21,+00:08,, , , ,
090809,05.04,"Relatively short ""long"" burst.",21:54:43.19,-00:05:01.83,2.737,y,y,n,
090807B,3,,21.48,+07:12,, , , ,
90807,140.08.00,Limited follow-up.,18:14:58.65,+10:15:55.1,,y, , ,
090802B,,,17.48,#VALUE!,, , , ,
090802A,00.13,,03.24,+37:54,, , , ,
90728,,R-band dropout?,01:58:36.64,+41:37:59.4,,y,y, ,
090727B,25,,22:53:26s,-46:42:00,, , , ,
90727,302,Late BAT/XRT flare at 300 sec. Faint afterglow.,21:03:50.64,+64:55:30.8,,y,y, ,2
90726,67,"Faint burst, bright afterglow",16:34:43.044,+72:53:04.82,0.132638889,y,y, ,2
090720B,20,,13.32,#VALUE!,, , , ,
90720,7,"Fermi+Swift detection. Ground-detected, no rapid notice.",13:34:43.27,-10:20:05.5,,y,y, ,
90719,16,,22.45,#VALUE!,, , , ,
090718B,28,,18.16,#VALUE!,, , , ,
090718A,,,16.10,#VALUE!,, , , ,
090717B,00.09,,16.28,+23:00,, , , ,
090717A,70,,05.47,#VALUE!,, , , ,
090715B,266,Very slow early optical fading.,16:45:21.52,+44:50:20.3,03.00,y,y,y,
090715A,63,"Short burst with extended emission. Near Sun, no slew.",10:08:24.5,+10:00:22.4,, , , ,
90713,113,,18.59,#VALUE!,, , , ,
90712,145,No slew.,04:40:23.2,+22:31:29.4,, , , ,
90711,100,,09.18,#VALUE!,, , , ,
090709B,27.02.00,No slew or follow-up.,06:14:05.4,+64:04:51.9,, , , ,
090709A,89,Very bright burst with faint red afterglow (dark). Quasiperiodic light curve.,19:19:42.64,+60:43:39.3,01.08,y,y,n,3
90708,15,,10:18:31.7,+26:36:58.7,, , , ,
90706,100,,13.40,#VALUE!,, , , ,
90705,,Not a real burst.,,,, , , ,
90704,70,INTEGRAL+Fermi burst,13:52:49.20,+22:47:23.99,, , , ,
90703,9,,00.03,+09:42,, , , ,
90702,,INTEGRAL XRF,11:43:35.28,+11:30:07.8,,y, , ,
90701,12,,07.39,#VALUE!,, , , ,
90630,05.01,,09.24,#VALUE!,, , , ,
90628,20.01,"Weak burst, limited follow-up.",15:48:12.70,-15:59:04.3,,y, , ,
90626,70,,11.17,#VALUE!,, , , ,1
090625B,13.06,INTEGRAL+Fermi burst,00:09:03.45,-65:46:49.3,,y, , ,
90625,51,,01.21,#VALUE!,, , , ,
90623,72.02.00,,20.36,#VALUE!,, , , ,
090621B,00.14,Short burst. possible weak extended emission.,20:53:53.16,+69:01:41.5,,y, , ,
090621D,39.09.00,,00.49,#VALUE!,, , , ,
090621C,59.09.00,,17.10,#VALUE!,, , , ,
090621A,,Very long burst with multiple triggers. No ground follow-up.,00:44:05.54,+61:56:27.5,,y, , ,
90620,16.05,,15.50,+61:12,, , , ,
90618,113.02.00,Very bright Swift burst with bright afterglow.,19:35:58.92,+78:21:24.7,00.54,y,y,y,14
90617,00.45,,05.16,+15:42,, , , ,
90616,02.07,,06.52,#VALUE!,, , , ,
90612,58,,05.24.18,17.45,, , , ,
090610C,18.01,,04.42,+30:18,, , , ,
090610B,202.05.00,,18.24,#VALUE!,, , , ,
090610A,06.05,,05.37,+35:22:24,, , , ,
90608,61,,06.41,#VALUE!,, , , ,
90607,02.03,Possible subthreshold short burst. Delayed GCN notice.,12:44:40.59,+44:06:18.10,,y, , ,
90606,60,,09.48,#VALUE!,, , , ,
90602,16,,16.36,-65:00,, , , ,
090531B,80,,16:48:17.95,-36:02:06.0,, , , ,
090531A,32,No Swift slew. Early GROND limits.,11:54:41.4,+07:49:27.0,, , , ,
090530B,194,,04.53,+13:47,, , , ,
090530,48,Detected in all UVOT filters. Bright late afterglow.,11:57:40.50,+26:35:38.6,1.266,y,y, ,
90529,100,Delayed optical peak.,14:09:52.56,+24:27:32.2,2.625,y,y, ,
090528B,102,,20.49,32.42.00,, , , ,
090528A,68,,09.00,#VALUE!,, , , ,
90524,72,,21.58,+67:24,, , , ,
90522,22,,18.31,+19:36,, , , ,
090520D,12,,08.45.12,-18:00,, , , ,
090520C,04.09,,07.24.48,#VALUE!,, , , ,
090520B,01.05,,22.08,43.12.00,, , , ,
90520,20,"Near Sun, no Swift slew.",00:46:27.1,-08:00:00,, , , ,
90519,64,"Moderately high-z, slow early decay.",09:29:07.0,+00:10:49.1,0.184027778,y,y, ,
090519B,87,,07.04,+56:42,, , , ,
090518B,12,,14.05,#VALUE!,, , , ,
90518,06.09,"Faint burst, no early optical limits.",07:59:49.08,+00:45:34.0,,y, , ,
090516A,210,Long. high-z burst. Long optical plateau.,09:13:02.62,-11:51:15.4,4.109,y,y, ,
090516B,140,,08.09,#VALUE!,, , , ,
90515,00.04,Bright Swift short (soft?) burst. no extended emission.,10:56:36.11,+14:26:30.3,,y, ,n,2
90514,49,,00.49,#VALUE!,, , , ,
090513B,,,06.36,#VALUE!,, , , ,
90513,23,,17.59,#VALUE!,, , , ,
90511,14,,10.48,+51:18,, , , ,
090510B,7,,17.57,#VALUE!,, , , ,
90510,00.03,Very bright Swift/Fermi short burst with LAT detection.,22:14:12.64,-26:35:02.8,0.627083333,y,y,n,25
90509,335,Near full Moon. no Swift follow-up. Very long.,16:05:39.01,-28:23:59.7,,n,y, ,
90502,66.02.00,,17.51,#VALUE!,, , , ,
090429D,11,,08.20.48,+06:12,, , , ,
090429C,13,,17.26,+55:30,, , , ,
090429B,05.05,"Optically dark, faint IR afterglow. Very high-z?",14:02:40.05,+32:10:14.32,09.04,y,y, ,1
090429A,188,No ground follow-up.,06:02:13.86,-52:23:14.2,,y, , ,
090427A,15,Very bright IPN burst,15.43.43,-13:29:53,, , , ,
090427C,12.05,,23.45,#VALUE!,, , , ,
090427B,7,,14.00,#VALUE!,, , , ,
090426C,,,05.31,#VALUE!,, , , ,
90426,01.02,"High-z ""short"" burst with bright afterglow? Low neutral column density.",12:36:18.07,+32:59:09.6,2.609,y,y, ,6
090426B,03.08,,01.10,#VALUE!,, , , ,
90425,72,,07.44,+69:54,, , , ,
90424,52,"Relatively low redshift, SDSS host galaxy.",12:38:05.11,+16:50:15.1,0.377777778,y,y,y,2
90423,10.03,Ultra high-z. Most distant confirmed object in universe.,09:55:33.29,+18:08:57.8,08.02,y,y,y,16
90422,08.05,Unconfirmed OT candidate.,19:38:59.85,+40:23:02.7,,y, , ,
90419,450,Very long.,13:07:43.13,-75:36:22.4,,y, , ,
090418C,00.06,,17.31,#VALUE!,, , , ,
090418A,56,"Bright afterglow, extensive ground observations.",17:57:15.18,+33:24:21.1,1.608,y,y,y,
090418B,65,Bright slew survey burst.,15.03.38,+17:13:26,, , , ,
090417B,260,Extremely long and dark burst at low redshift. Luminous host galaxy.,13:58:46.59,+47:01:05.0,0.239583333,y, , ,3
090417A,00.07,Short (soft?) burst. Bright galaxy in BAT error circle. No Swift slew.,02:19:58.3,-07:08:28.9,, , ,n,
90412,00.05,,00.01,#VALUE!,, , , ,
090411B,,,02.28,+03:15,, , , ,
090411A,24.06.00,,10.37,+68:21,, , , ,
90410,165,"Swift burst, no slew.",22:19:49.4,+15:25:08.6,, , , ,
90409,20,,20.08,+01:06,, , , ,
090408B,8,Very bright Konus/IPN burst,02.55.56,+26:36:36,, , , ,
090408A,,Not a real burst.,15.26.28,+37:33:51,, , , ,
90407,310,Very dark burst.,04:35:55.14,-12:40:45.2,14.485,y, , ,
90405,01.02,,15.07,#VALUE!,, , , ,
90404,84,Very dark burst with millimeter detection,15:56:57.52,+35:30:57.5,3?,y, , ,
90403,16,,04.21,+47:06,, , , ,
090401B,183,"Bright Swift burst, coincident with DSS source. low Galactic latitude.",06:20:21.11,-08:58:19.5,,y,y,n,
090401A,,Near Sun,23.23.38,+29:46:00,, , , ,
90330,80,,10.37,#VALUE!,, , , ,
090328B,00.32,,10.23,+33:24,, , , ,
90328,80,Fermi LAT-detected burst at low redshift.,06:02:39.67,-41:52:53.8,0.511111111,y,y,y,4
90327,24,,01.58,#VALUE!,, , , ,
90324,30,Agile burst.,02.48.09,-48:08:47.59,, , , ,
90323,150,First LAT detection with spectroscopic redshift.,12:42:50.29,+17:03:11.6,03.57,y,y,y,5
090320B,52,,12.15.03,+57:33,, , , ,
090320A,10,,16.10,+51:54,, , , ,
090320C,4,,07.13,#VALUE!,, , , ,
90319,67.07.00,,18.18,#VALUE!,, , , ,
90315,9,IPN burst with ground-based GeV detection.,09.30.34,-27:33:21,, , , ,
090313,78,Very bright. sustained afterglow. Extremely luminous at late times.,13:13:36.21,+08:05:49.8,3.375,y,y,y,3
90310,125.02.00,,12.07,#VALUE!,, , , ,
090309A,3,Faint burst.,18:59:53.82,-25:15:39.6,,y, , ,
090309B,2,,10.20,+68:06,, , , ,
090308A,48,Faint image trigger. No optical afterglow.,12:14:00.28,-48:49:01.6,,y, , ,
090308B,02.11,,01.30,+58:05,, , , ,
090307B,30,,10.34,#VALUE!,, , , ,
090307A,22,Faint but real subthreshold GRB.,16:19:58.64,-28:37:59.9,,y, , ,
090306B,20.04,BATSS+INTEGRAL burst. XRT afterglow not confirmed.,15:24:49.99,-06:58:05.6,,y, , ,
090306C,,,09.00,+51:36,, , , ,
090305C,1,IPN short burst.,02.16.45,-22:50:23,, , , ,
90305,00.04,Swift short burst. Possible X-ray afterglow very faint. Faint optical afterglow in crowded field.,16:07:07.61,-31:33:21.9,,y,y, ,
090305B,2,,10.20,+68:06,, , , ,
90304,,,16.25,#VALUE!,, , , ,
90303,,,14:54:47.99,-68:12:00.00,, , , ,
090301B,28,,23.21,+09:00,, , , ,
090301A,41,"Bright Swift burst, no slew or followup.",22:32:34.2,+26:38:19.0,, , , ,
090228B,07.23,,23.44,+36:10,, , , ,
090228A,00.08,,07.07,#VALUE!,, , , ,
090227B,00.09,Bright. hard Fermi short burst.,11.48.36,+32:10:12,, , , ,4
090227A,50,,00.13,#VALUE!,, , , ,
90222,18,,08.01,+43:24,, , , ,
90219,00.05,,01.05.36,+60:12,, , , ,
90217,32.08.00,LAT detection.,13:39:36.00,-8:24:00.00,, , , ,2
90213,,,21.48,#VALUE!,, , , ,
90207,10,,16.19,36.49.00,, , , ,
90206,00.08,Fermi/INTEGRAL burst,10.29,+14:30,, , , ,
90205,08.08,Very high redshift.,14:43:38.65,-27:51:10.7,46.497,y,y,n,2
90202,66,,17.56,#VALUE!,, , , ,
90201,83,Very bright Swift burst with faint afterglow: candidate afterglow not confirmed.,06:08:12.48,-46:35:24.2,02.01,y, ,n,
90131,,Bright Fermi burst,23.32,16.26,, , , ,
90129,17.05,No slew.,17:56:25.1,-32:47:34.8,, , , ,
090126C,1,,14.52,+39:12,, , , ,
090126B,,,19.42,+33:12,, , , ,
090126A,,Agile burst.,00:14:38.08,+81:22:24.3,, , , ,
90123,131,Detected in all UVOT filters. Early optical peak not seen in X-ray.,00:27:08.73,-23:30:04.1,,y,y, ,
90118,,BAT slew survey burst.,03:19:18.66,+18:24:54.6,,y, , ,
090117A,21,Soft GRB in Galactic plane.,10:56:10.66,-58:14:00.8,,y, ,n,
090117C,,,07.50,#VALUE!,, , , ,
090117B,27,,15.32,27.36.00,, , , ,
90113,09.01,No optical afterglow. possible dark burst.,02:08:13.74,+33:25:42.7,17.493,y,y, ,
090112B,12,,12.51,+22:12,, , , ,
090112A,65,,07.27,#VALUE!,, , , ,
90111,24.08.00,"Swift burst, no ground follow-up.",16:46:42.18,+00:04:38.5,,y, , ,1
90109,5,,08.11,+54:48,, , , ,
090108B,00.08,,00.15,#VALUE!,, , , ,
090108A,00.09,,17.32,+52:28,, , , ,
090107B,20,Bright INTEGRAL burst due north of Sun.,18:59:16.13,+59:35:43.0,, , , ,
090107A,12.02,"Swift burst near Sun, no slew or followup.",20:09:38.2,+04:44:37.9,, , , ,
90102,,Bright afterglow. HST follow-up. Polarized afterglow.,08:32:58.54,+33:06:51.1,1.547,y,y,n,7
